date,store_id,item_id,item_brand,item_category,item_unit_price,item_unit_net_price,item_discount_amount,item_promo_applied,demand
2025-01-01,101,5001,PetFresh,DRY FOOD,29.99,29.99,0.0,0,5
2025-01-01,101,5002,NutriPaws,DRY FOOD,34.99,34.99,0.0,0,5
2025-01-01,101,5003,PureChow,WET FOOD,12.49,11.46,1.03,1,6
2025-01-01,101,5010,AquaBites,WET FOOD,8.99,8.99,0.0,0,1
2025-01-01,101,5033,SpecialDiet,SPECIALTY,54.99,54.99,0.0,0,8
2025-01-01,102,5002,NutriPaws,DRY FOOD,34.99,32.73,2.26,1,5
2025-01-01,102,5003,PureChow,WET FOOD,12.49,12.49,0.0,0,3
2025-01-01,102,5010,AquaBites,WET FOOD,8.99,8.99,0.0,0,24
2025-01-01,102,5034,OrganicPet,RAW FOOD,39.99,39.99,0.0,0,1
2025-01-01,103,5001,PetFresh,DRY FOOD,29.99,27.24,2.75,1,3
2025-01-01,103,5002,NutriPaws,DRY FOOD,34.99,34.99,0.0,0,4
2025-01-01,103,5003,PureChow,WET FOOD,12.49,12.49,0.0,0,5
2025-01-01,103,5010,AquaBites,WET FOOD,8.99,8.99,0.0,0,6
2025-01-02,101,5001,PetFresh,DRY FOOD,29.99,29.99,0.0,0,5
2025-01-02,101,5002,NutriPaws,DRY FOOD,34.99,34.99,0.0,0,5
2025-01-02,102,5001,PetFresh,DRY FOOD,29.99,29.99,0.0,0,2
2025-01-02,102,5002,NutriPaws,DRY FOOD,34.99,34.99,0.0,0,3
2025-01-02,102,5003,PureChow,WET FOOD,12.49,10.69,1.8,1,5
2025-01-02,102,5010,AquaBites,WET FOOD,8.99,8.03,0.96,1,3
2025-01-02,102,5032,BulkBones,TREATS,3.99,3.99,0.0,0,6
2025-01-02,103,5001,PetFresh,DRY FOOD,29.99,29.99,0.0,0,5
2025-01-02,103,5002,NutriPaws,DRY FOOD,34.99,34.99,0.0,0,7
2025-01-02,103,5003,PureChow,WET FOOD,12.49,12.49,0.0,0,4
2025-01-03,101,5001,PetFresh,DRY FOOD,29.99,24.31,5.68,1,6
2025-01-03,101,5002,NutriPaws,DRY FOOD,34.99,34.99,0.0,0,5
2025-01-03,101,5003,PureChow,WET FOOD,12.49,12.49,0.0,0,7
2025-01-03,101,5010,AquaBites,WET FOOD,8.99,7.51,1.48,1,4
2025-01-03,102,5001,PetFresh,DRY FOOD,29.99,29.99,0.0,0,5
2025-01-03,102,5002,NutriPaws,DRY FOOD,34.99,34.99,0.0,0,3
2025-01-03,102,5003,PureChow,WET FOOD,12.49,12.49,0.0,0,8
2025-01-03,102,5010,AquaBites,WET FOOD,8.99,8.99,0.0,0,1
2025-01-03,103,5001,PetFresh,DRY FOOD,29.99,29.99,0.0,0,5
2025-01-03,103,5002,NutriPaws,DRY FOOD,34.99,34.99,0.0,0,6
2025-01-03,103,5003,PureChow,WET FOOD,12.49,12.49,0.0,0,2
2025-01-03,103,5010,AquaBites,WET FOOD,8.99,8.99,0.0,0,1
2025-01-04,101,5001,PetFresh,DRY FOOD,29.99,29.99,0.0,0,5
2025-01-04,101,5002,NutriPaws,DRY FOOD,34.99,34.99,0.0,0,3
2025-01-04,101,5003,PureChow,WET FOOD,12.49,12.49,0.0,0,5
2025-01-04,101,5010,AquaBites,WET FOOD,8.99,8.99,0.0,0,13
2025-01-04,101,5020,RawNature,RAW FOOD,45.99,45.99,0.0,0,1
2025-01-04,102,5001,PetFresh,DRY FOOD,29.99,29.99,0.0,0,5
2025-01-04,102,5002,NutriPaws,DRY FOOD,34.99,34.99,0.0,0,4
2025-01-04,103,5001,PetFresh,DRY FOOD,29.99,29.99,0.0,0,3
2025-01-04,103,5002,NutriPaws,DRY FOOD,34.99,34.99,0.0,0,4
2025-01-04,103,5003,PureChow,WET FOOD,12.49,12.49,0.0,0,5
2025-01-04,103,5010,AquaBites,WET FOOD,8.99,8.99,0.0,0,1
2025-01-05,101,5001,PetFresh,DRY FOOD,29.99,29.99,0.0,0,6
2025-01-05,101,5002,NutriPaws,DRY FOOD,34.99,34.99,0.0,0,4
2025-01-05,101,5003,PureChow,WET FOOD,12.49,11.01,1.48,1,4
2025-01-05,101,5021,HealthyTails,SUPPLEMENTS,22.99,22.99,0.0,0,1
2025-01-05,102,5001,PetFresh,DRY FOOD,29.99,29.99,0.0,0,3
2025-01-05,102,5002,NutriPaws,DRY FOOD,34.99,34.99,0.0,0,8
2025-01-05,102,5003,PureChow,WET FOOD,12.49,12.49,0.0,0,5
2025-01-05,102,5010,AquaBites,WET FOOD,8.99,8.99,0.0,0,14
2025-01-05,103,5002,NutriPaws,DRY FOOD,34.99,34.99,0.0,0,4
2025-01-05,103,5003,PureChow,WET FOOD,12.49,12.49,0.0,0,6
2025-01-06,101,5001,PetFresh,DRY FOOD,29.99,29.99,0.0,0,5
2025-01-06,101,5002,NutriPaws,DRY FOOD,34.99,34.99,0.0,0,4
2025-01-06,101,5020,RawNature,RAW FOOD,45.99,45.99,0.0,0,1
2025-01-06,102,5002,NutriPaws,DRY FOOD,34.99,34.99,0.0,0,5
2025-01-06,102,5003,PureChow,WET FOOD,12.49,12.49,0.0,0,5
2025-01-06,102,5010,AquaBites,WET FOOD,8.99,8.99,0.0,0,17
2025-01-06,103,5001,PetFresh,DRY FOOD,29.99,29.99,0.0,0,4
2025-01-06,103,5002,NutriPaws,DRY FOOD,34.99,32.23,2.76,1,5
2025-01-06,103,5003,PureChow,WET FOOD,12.49,12.49,0.0,0,4
2025-01-07,101,5001,PetFresh,DRY FOOD,29.99,26.54,3.45,1,5
2025-01-07,101,5002,NutriPaws,DRY FOOD,34.99,34.99,0.0,0,4
2025-01-07,101,5003,PureChow,WET FOOD,12.49,12.49,0.0,0,3
2025-01-07,101,5010,AquaBites,WET FOOD,8.99,7.29,1.7,1,8
2025-01-07,102,5001,PetFresh,DRY FOOD,29.99,29.99,0.0,0,4
2025-01-07,102,5002,NutriPaws,DRY FOOD,34.99,34.99,0.0,0,4
2025-01-07,102,5003,PureChow,WET FOOD,12.49,12.49,0.0,0,5
2025-01-07,102,5010,AquaBites,WET FOOD,8.99,8.99,0.0,0,3
2025-01-07,102,5033,SpecialDiet,SPECIALTY,54.99,54.99,0.0,0,1
2025-01-07,103,5001,PetFresh,DRY FOOD,29.99,29.99,0.0,0,4
2025-01-07,103,5003,PureChow,WET FOOD,12.49,12.49,0.0,0,5
2025-01-07,103,5010,AquaBites,WET FOOD,8.99,8.99,0.0,0,4
2025-01-07,103,5034,OrganicPet,RAW FOOD,39.99,39.99,0.0,0,1
2025-01-08,101,5001,PetFresh,DRY FOOD,29.99,29.99,0.0,0,3
2025-01-08,101,5002,NutriPaws,DRY FOOD,34.99,34.99,0.0,0,5
2025-01-08,101,5003,PureChow,WET FOOD,12.49,12.49,0.0,0,4
2025-01-08,101,5010,AquaBites,WET FOOD,8.99,8.99,0.0,0,1
2025-01-08,102,5001,PetFresh,DRY FOOD,29.99,29.99,0.0,0,4
2025-01-08,102,5002,NutriPaws,DRY FOOD,34.99,34.99,0.0,0,7
2025-01-08,102,5003,PureChow,WET FOOD,12.49,12.49,0.0,0,4
2025-01-08,103,5001,PetFresh,DRY FOOD,29.99,27.21,2.78,1,4
2025-01-08,103,5002,NutriPaws,DRY FOOD,34.99,34.99,0.0,0,4
2025-01-08,103,5003,PureChow,WET FOOD,12.49,12.49,0.0,0,5
2025-01-08,103,5010,AquaBites,WET FOOD,8.99,8.99,0.0,0,1
2025-01-09,101,5001,PetFresh,DRY FOOD,29.99,29.99,0.0,0,5
2025-01-09,101,5002,NutriPaws,DRY FOOD,34.99,34.99,0.0,0,3
2025-01-09,101,5010,AquaBites,WET FOOD,8.99,8.99,0.0,0,9
2025-01-09,101,5032,BulkBones,TREATS,3.99,3.99,0.0,0,2
2025-01-09,102,5001,PetFresh,DRY FOOD,29.99,29.99,0.0,0,6
2025-01-09,102,5002,NutriPaws,DRY FOOD,34.99,29.87,5.12,1,3
2025-01-09,102,5003,PureChow,WET FOOD,12.49,12.49,0.0,0,5
2025-01-09,102,5010,AquaBites,WET FOOD,8.99,8.99,0.0,0,3
2025-01-09,102,5035,VetFormula,SPECIALTY,62.99,62.99,0.0,0,3
2025-01-09,103,5001,PetFresh,DRY FOOD,29.99,29.99,0.0,0,3
2025-01-09,103,5002,NutriPaws,DRY FOOD,34.99,34.99,0.0,0,3
2025-01-09,103,5003,PureChow,WET FOOD,12.49,12.49,0.0,0,5
2025-01-09,103,5010,AquaBites,WET FOOD,8.99,8.99,0.0,0,5
2025-01-10,101,5001,PetFresh,DRY FOOD,29.99,27.09,2.9,1,5
2025-01-10,101,5002,NutriPaws,DRY FOOD,34.99,34.99,0.0,0,6
2025-01-10,101,5003,PureChow,WET FOOD,12.49,12.49,0.0,0,4
2025-01-10,101,5010,AquaBites,WET FOOD,8.99,8.99,0.0,0,1
2025-01-10,102,5001,PetFresh,DRY FOOD,29.99,29.99,0.0,0,3
2025-01-10,102,5002,NutriPaws,DRY FOOD,34.99,34.99,0.0,0,6
2025-01-10,102,5003,PureChow,WET FOOD,12.49,12.49,0.0,0,5
2025-01-10,102,5010,AquaBites,WET FOOD,8.99,8.99,0.0,0,22
2025-01-10,103,5001,PetFresh,DRY FOOD,29.99,29.99,0.0,0,3
2025-01-10,103,5002,NutriPaws,DRY FOOD,34.99,34.99,0.0,0,3
2025-01-10,103,5003,PureChow,WET FOOD,12.49,12.49,0.0,0,5
2025-01-10,103,5010,AquaBites,WET FOOD,8.99,8.99,0.0,0,1
2025-01-10,103,5032,BulkBones,TREATS,3.99,3.36,0.63,1,14
2025-01-11,101,5001,PetFresh,DRY FOOD,29.99,27.49,2.5,1,2
2025-01-11,101,5002,NutriPaws,DRY FOOD,34.99,34.99,0.0,0,5
2025-01-11,101,5003,PureChow,WET FOOD,12.49,12.49,0.0,0,3
2025-01-11,101,5010,AquaBites,WET FOOD,8.99,8.99,0.0,0,2
2025-01-11,102,5001,PetFresh,DRY FOOD,29.99,29.99,0.0,0,5
2025-01-11,102,5002,NutriPaws,DRY FOOD,34.99,34.99,0.0,0,6
2025-01-11,102,5003,PureChow,WET FOOD,12.49,12.49,0.0,0,4
2025-01-11,102,5010,AquaBites,WET FOOD,8.99,7.82,1.17,1,1
2025-01-11,103,5001,PetFresh,DRY FOOD,29.99,29.99,0.0,0,3
2025-01-11,103,5002,NutriPaws,DRY FOOD,34.99,34.99,0.0,0,5
2025-01-11,103,5003,PureChow,WET FOOD,12.49,10.69,1.8,1,5
2025-01-11,103,5010,AquaBites,WET FOOD,8.99,8.99,0.0,0,1
2025-01-12,101,5001,PetFresh,DRY FOOD,29.99,29.99,0.0,0,3
2025-01-12,101,5002,NutriPaws,DRY FOOD,34.99,34.99,0.0,0,6
2025-01-12,101,5003,PureChow,WET FOOD,12.49,12.49,0.0,0,4
2025-01-12,101,5034,OrganicPet,RAW FOOD,39.99,39.99,0.0,0,2
2025-01-12,102,5001,PetFresh,DRY FOOD,29.99,29.99,0.0,0,4
2025-01-12,102,5002,NutriPaws,DRY FOOD,34.99,34.99,0.0,0,3
2025-01-12,102,5003,PureChow,WET FOOD,12.49,12.49,0.0,0,3
2025-01-12,102,5010,AquaBites,WET FOOD,8.99,8.99,0.0,0,5
2025-01-12,103,5001,PetFresh,DRY FOOD,29.99,29.99,0.0,0,3
2025-01-12,103,5002,NutriPaws,DRY FOOD,34.99,34.99,0.0,0,6
2025-01-12,103,5003,PureChow,WET FOOD,12.49,11.06,1.43,1,4
2025-01-12,103,5010,AquaBites,WET FOOD,8.99,7.24,1.75,1,1
2025-01-12,103,5034,OrganicPet,RAW FOOD,39.99,39.99,0.0,0,7
2025-01-13,101,5002,NutriPaws,DRY FOOD,34.99,34.99,0.0,0,3
2025-01-13,101,5003,PureChow,WET FOOD,12.49,12.49,0.0,0,4
2025-01-13,101,5010,AquaBites,WET FOOD,8.99,8.99,0.0,0,7
2025-01-13,102,5001,PetFresh,DRY FOOD,29.99,29.99,0.0,0,6
2025-01-13,102,5003,PureChow,WET FOOD,12.49,12.49,0.0,0,4
2025-01-13,102,5010,AquaBites,WET FOOD,8.99,8.99,0.0,0,1
2025-01-13,103,5001,PetFresh,DRY FOOD,29.99,29.99,0.0,0,6
2025-01-13,103,5002,NutriPaws,DRY FOOD,34.99,34.99,0.0,0,4
2025-01-13,103,5003,PureChow,WET FOOD,12.49,12.49,0.0,0,8
2025-01-13,103,5010,AquaBites,WET FOOD,8.99,8.99,0.0,0,1
2025-01-14,101,5001,PetFresh,DRY FOOD,29.99,29.99,0.0,0,7
2025-01-14,101,5002,NutriPaws,DRY FOOD,34.99,34.99,0.0,0,6
2025-01-14,101,5003,PureChow,WET FOOD,12.49,12.49,0.0,0,3
2025-01-14,102,5001,PetFresh,DRY FOOD,29.99,29.99,0.0,0,4
2025-01-14,102,5002,NutriPaws,DRY FOOD,34.99,34.99,0.0,0,6
2025-01-14,102,5003,PureChow,WET FOOD,12.49,12.49,0.0,0,4
2025-01-14,102,5010,AquaBites,WET FOOD,8.99,8.99,0.0,0,1
2025-01-14,102,5035,VetFormula,SPECIALTY,62.99,62.99,0.0,0,3
2025-01-14,103,5001,PetFresh,DRY FOOD,29.99,29.99,0.0,0,3
2025-01-14,103,5002,NutriPaws,DRY FOOD,34.99,34.99,0.0,0,3
2025-01-14,103,5003,PureChow,WET FOOD,12.49,12.49,0.0,0,4
2025-01-14,103,5010,AquaBites,WET FOOD,8.99,8.99,0.0,0,4
2025-01-15,101,5001,PetFresh,DRY FOOD,29.99,28.18,1.81,1,5
2025-01-15,101,5002,NutriPaws,DRY FOOD,34.99,34.99,0.0,0,2
2025-01-15,101,5010,AquaBites,WET FOOD,8.99,7.69,1.3,1,3
2025-01-15,101,5032,BulkBones,TREATS,3.99,3.99,0.0,0,7
2025-01-15,102,5001,PetFresh,DRY FOOD,29.99,24.57,5.42,1,5
2025-01-15,102,5002,NutriPaws,DRY FOOD,34.99,34.99,0.0,0,4
2025-01-15,102,5010,AquaBites,WET FOOD,8.99,8.99,0.0,0,4
2025-01-15,102,5021,HealthyTails,SUPPLEMENTS,22.99,22.99,0.0,0,2
2025-01-15,103,5001,PetFresh,DRY FOOD,29.99,29.99,0.0,0,4
2025-01-15,103,5002,NutriPaws,DRY FOOD,34.99,34.99,0.0,0,7
2025-01-15,103,5003,PureChow,WET FOOD,12.49,12.49,0.0,0,3
2025-01-15,103,5010,AquaBites,WET FOOD,8.99,8.99,0.0,0,25
2025-01-15,103,5032,BulkBones,TREATS,3.99,3.99,0.0,0,4
2025-01-16,101,5001,PetFresh,DRY FOOD,29.99,29.99,0.0,0,4
2025-01-16,101,5002,NutriPaws,DRY FOOD,34.99,34.99,0.0,0,3
2025-01-16,101,5003,PureChow,WET FOOD,12.49,12.49,0.0,0,3
2025-01-16,101,5010,AquaBites,WET FOOD,8.99,8.99,0.0,0,15
2025-01-16,102,5001,PetFresh,DRY FOOD,29.99,29.99,0.0,0,1
2025-01-16,102,5003,PureChow,WET FOOD,12.49,12.49,0.0,0,4
2025-01-16,103,5001,PetFresh,DRY FOOD,29.99,29.99,0.0,0,4
2025-01-16,103,5002,NutriPaws,DRY FOOD,34.99,34.99,0.0,0,1
2025-01-16,103,5003,PureChow,WET FOOD,12.49,12.49,0.0,0,6
2025-01-16,103,5010,AquaBites,WET FOOD,8.99,8.99,0.0,0,7
2025-01-16,103,5032,BulkBones,TREATS,3.99,3.99,0.0,0,10
2025-01-17,101,5001,PetFresh,DRY FOOD,29.99,29.99,0.0,0,5
2025-01-17,101,5002,NutriPaws,DRY FOOD,34.99,34.99,0.0,0,4
2025-01-17,101,5003,PureChow,WET FOOD,12.49,12.49,0.0,0,5
2025-01-17,101,5010,AquaBites,WET FOOD,8.99,8.99,0.0,0,14
2025-01-17,102,5001,PetFresh,DRY FOOD,29.99,29.99,0.0,0,3
2025-01-17,102,5002,NutriPaws,DRY FOOD,34.99,34.99,0.0,0,5
2025-01-17,102,5003,PureChow,WET FOOD,12.49,10.58,1.91,1,7
2025-01-17,102,5010,AquaBites,WET FOOD,8.99,8.99,0.0,0,25
2025-01-17,103,5001,PetFresh,DRY FOOD,29.99,29.99,0.0,0,4
2025-01-17,103,5002,NutriPaws,DRY FOOD,34.99,29.22,5.77,1,6
2025-01-17,103,5003,PureChow,WET FOOD,12.49,12.49,0.0,0,6
2025-01-17,103,5031,SnackMaster,TREATS,7.49,7.49,0.0,0,9
2025-01-18,101,5001,PetFresh,DRY FOOD,29.99,29.99,0.0,0,7
2025-01-18,101,5002,NutriPaws,DRY FOOD,34.99,34.99,0.0,0,5
2025-01-18,101,5003,PureChow,WET FOOD,12.49,12.49,0.0,0,4
2025-01-18,101,5010,AquaBites,WET FOOD,8.99,8.99,0.0,0,10
2025-01-18,101,5031,SnackMaster,TREATS,7.49,7.49,0.0,0,7
2025-01-18,102,5001,PetFresh,DRY FOOD,29.99,29.99,0.0,0,3
2025-01-18,102,5002,NutriPaws,DRY FOOD,34.99,32.82,2.17,1,2
2025-01-18,102,5003,PureChow,WET FOOD,12.49,11.35,1.14,1,5
2025-01-18,102,5010,AquaBites,WET FOOD,8.99,8.99,0.0,0,5
2025-01-18,103,5001,PetFresh,DRY FOOD,29.99,29.99,0.0,0,4
2025-01-18,103,5002,NutriPaws,DRY FOOD,34.99,34.99,0.0,0,4
2025-01-18,103,5003,PureChow,WET FOOD,12.49,12.49,0.0,0,4
2025-01-18,103,5010,AquaBites,WET FOOD,8.99,8.99,0.0,0,3
2025-01-18,103,5021,HealthyTails,SUPPLEMENTS,22.99,21.51,1.48,1,1
2025-01-19,101,5001,PetFresh,DRY FOOD,29.99,29.99,0.0,0,5
2025-01-19,101,5002,NutriPaws,DRY FOOD,34.99,34.99,0.0,0,5
2025-01-19,101,5010,AquaBites,WET FOOD,8.99,8.99,0.0,0,2
2025-01-19,102,5001,PetFresh,DRY FOOD,29.99,29.99,0.0,0,2
2025-01-19,102,5003,PureChow,WET FOOD,12.49,10.12,2.37,1,3
2025-01-19,102,5033,SpecialDiet,SPECIALTY,54.99,54.99,0.0,0,10
2025-01-19,103,5001,PetFresh,DRY FOOD,29.99,25.13,4.86,1,3
2025-01-19,103,5002,NutriPaws,DRY FOOD,34.99,34.99,0.0,0,4
2025-01-19,103,5003,PureChow,WET FOOD,12.49,12.49,0.0,0,5
2025-01-19,103,5010,AquaBites,WET FOOD,8.99,8.33,0.66,1,1
2025-01-20,101,5001,PetFresh,DRY FOOD,29.99,29.99,0.0,0,4
2025-01-20,101,5002,NutriPaws,DRY FOOD,34.99,34.99,0.0,0,5
2025-01-20,101,5003,PureChow,WET FOOD,12.49,11.3,1.19,1,3
2025-01-20,101,5010,AquaBites,WET FOOD,8.99,8.99,0.0,0,1
2025-01-20,101,5021,HealthyTails,SUPPLEMENTS,22.99,22.99,0.0,0,2
2025-01-20,102,5001,PetFresh,DRY FOOD,29.99,28.41,1.58,1,5
2025-01-20,102,5003,PureChow,WET FOOD,12.49,12.49,0.0,0,3
2025-01-20,102,5010,AquaBites,WET FOOD,8.99,8.1,0.89,1,1
2025-01-20,103,5001,PetFresh,DRY FOOD,29.99,29.99,0.0,0,4
2025-01-20,103,5002,NutriPaws,DRY FOOD,34.99,34.99,0.0,0,4
2025-01-20,103,5003,PureChow,WET FOOD,12.49,10.91,1.58,1,5
2025-01-21,101,5001,PetFresh,DRY FOOD,29.99,29.99,0.0,0,4
2025-01-21,101,5002,NutriPaws,DRY FOOD,34.99,34.99,0.0,0,4
2025-01-21,101,5003,PureChow,WET FOOD,12.49,12.49,0.0,0,2
2025-01-21,101,5010,AquaBites,WET FOOD,8.99,8.99,0.0,0,6
2025-01-21,102,5001,PetFresh,DRY FOOD,29.99,29.99,0.0,0,5
2025-01-21,102,5002,NutriPaws,DRY FOOD,34.99,34.99,0.0,0,5
2025-01-21,102,5003,PureChow,WET FOOD,12.49,12.49,0.0,0,4
2025-01-21,102,5010,AquaBites,WET FOOD,8.99,8.99,0.0,0,4
2025-01-21,103,5001,PetFresh,DRY FOOD,29.99,29.99,0.0,0,7
2025-01-21,103,5002,NutriPaws,DRY FOOD,34.99,34.99,0.0,0,6
2025-01-21,103,5003,PureChow,WET FOOD,12.49,12.49,0.0,0,5
2025-01-21,103,5010,AquaBites,WET FOOD,8.99,8.99,0.0,0,1
2025-01-22,101,5001,PetFresh,DRY FOOD,29.99,29.99,0.0,0,6
2025-01-22,101,5002,NutriPaws,DRY FOOD,34.99,34.99,0.0,0,3
2025-01-22,101,5003,PureChow,WET FOOD,12.49,12.49,0.0,0,2
2025-01-22,101,5010,AquaBites,WET FOOD,8.99,8.99,0.0,0,2
2025-01-22,102,5001,PetFresh,DRY FOOD,29.99,29.99,0.0,0,5
2025-01-22,102,5002,NutriPaws,DRY FOOD,34.99,34.99,0.0,0,3
2025-01-22,102,5003,PureChow,WET FOOD,12.49,12.49,0.0,0,4
2025-01-22,102,5010,AquaBites,WET FOOD,8.99,8.99,0.0,0,19
2025-01-22,103,5001,PetFresh,DRY FOOD,29.99,29.99,0.0,0,5
2025-01-22,103,5002,NutriPaws,DRY FOOD,34.99,34.99,0.0,0,5
2025-01-22,103,5003,PureChow,WET FOOD,12.49,12.49,0.0,0,5
2025-01-23,101,5001,PetFresh,DRY FOOD,29.99,29.99,0.0,0,3
2025-01-23,101,5002,NutriPaws,DRY FOOD,34.99,34.99,0.0,0,4
2025-01-23,101,5003,PureChow,WET FOOD,12.49,12.49,0.0,0,8
2025-01-23,101,5010,AquaBites,WET FOOD,8.99,8.99,0.0,0,3
2025-01-23,102,5001,PetFresh,DRY FOOD,29.99,29.99,0.0,0,3
2025-01-23,102,5002,NutriPaws,DRY FOOD,34.99,34.99,0.0,0,4
2025-01-23,102,5010,AquaBites,WET FOOD,8.99,8.99,0.0,0,3
2025-01-23,102,5031,SnackMaster,TREATS,7.49,7.49,0.0,0,1
2025-01-23,102,5035,VetFormula,SPECIALTY,62.99,62.99,0.0,0,13
2025-01-23,103,5001,PetFresh,DRY FOOD,29.99,29.99,0.0,0,6
2025-01-23,103,5002,NutriPaws,DRY FOOD,34.99,34.99,0.0,0,4
2025-01-23,103,5003,PureChow,WET FOOD,12.49,12.49,0.0,0,7
2025-01-23,103,5010,AquaBites,WET FOOD,8.99,8.2,0.79,1,1
2025-01-23,103,5035,VetFormula,SPECIALTY,62.99,62.99,0.0,0,2
2025-01-24,101,5001,PetFresh,DRY FOOD,29.99,29.99,0.0,0,6
2025-01-24,101,5002,NutriPaws,DRY FOOD,34.99,34.99,0.0,0,6
2025-01-24,101,5003,PureChow,WET FOOD,12.49,12.49,0.0,0,5
2025-01-24,101,5010,AquaBites,WET FOOD,8.99,8.99,0.0,0,3
2025-01-24,102,5001,PetFresh,DRY FOOD,29.99,29.99,0.0,0,5
2025-01-24,102,5003,PureChow,WET FOOD,12.49,12.49,0.0,0,7
2025-01-24,102,5010,AquaBites,WET FOOD,8.99,8.99,0.0,0,6
2025-01-24,102,5030,TreatKing,TREATS,5.99,5.99,0.0,0,3
2025-01-24,103,5001,PetFresh,DRY FOOD,29.99,25.0,4.99,1,5
2025-01-24,103,5002,NutriPaws,DRY FOOD,34.99,34.99,0.0,0,4
2025-01-24,103,5003,PureChow,WET FOOD,12.49,12.49,0.0,0,5
2025-01-24,103,5010,AquaBites,WET FOOD,8.99,8.99,0.0,0,30
2025-01-25,101,5001,PetFresh,DRY FOOD,29.99,29.99,0.0,0,6
2025-01-25,101,5002,NutriPaws,DRY FOOD,34.99,34.99,0.0,0,3
2025-01-25,101,5003,PureChow,WET FOOD,12.49,12.49,0.0,0,2
2025-01-25,101,5021,HealthyTails,SUPPLEMENTS,22.99,22.99,0.0,0,1
2025-01-25,102,5001,PetFresh,DRY FOOD,29.99,29.99,0.0,0,5
2025-01-25,102,5002,NutriPaws,DRY FOOD,34.99,34.99,0.0,0,5
2025-01-25,102,5003,PureChow,WET FOOD,12.49,12.49,0.0,0,4
2025-01-25,102,5020,RawNature,RAW FOOD,45.99,45.99,0.0,0,2
2025-01-25,102,5035,VetFormula,SPECIALTY,62.99,62.99,0.0,0,1
2025-01-25,103,5001,PetFresh,DRY FOOD,29.99,29.99,0.0,0,3
2025-01-25,103,5002,NutriPaws,DRY FOOD,34.99,34.99,0.0,0,6
2025-01-25,103,5003,PureChow,WET FOOD,12.49,12.49,0.0,0,5
2025-01-25,103,5010,AquaBites,WET FOOD,8.99,8.99,0.0,0,6
2025-01-26,101,5002,NutriPaws,DRY FOOD,34.99,34.99,0.0,0,3
2025-01-26,101,5003,PureChow,WET FOOD,12.49,12.49,0.0,0,6
2025-01-26,102,5001,PetFresh,DRY FOOD,29.99,29.99,0.0,0,6
2025-01-26,102,5002,NutriPaws,DRY FOOD,34.99,34.99,0.0,0,6
2025-01-26,102,5003,PureChow,WET FOOD,12.49,12.49,0.0,0,4
2025-01-26,102,5010,AquaBites,WET FOOD,8.99,8.99,0.0,0,1
2025-01-26,102,5020,RawNature,RAW FOOD,45.99,45.99,0.0,0,1
2025-01-26,103,5001,PetFresh,DRY FOOD,29.99,29.99,0.0,0,3
2025-01-26,103,5002,NutriPaws,DRY FOOD,34.99,30.8,4.19,1,5
2025-01-26,103,5003,PureChow,WET FOOD,12.49,12.49,0.0,0,6
2025-01-26,103,5010,AquaBites,WET FOOD,8.99,8.99,0.0,0,9
2025-01-27,101,5002,NutriPaws,DRY FOOD,34.99,34.99,0.0,0,6
2025-01-27,101,5003,PureChow,WET FOOD,12.49,12.49,0.0,0,5
2025-01-27,101,5010,AquaBites,WET FOOD,8.99,7.68,1.31,1,6
2025-01-27,101,5035,VetFormula,SPECIALTY,62.99,50.88,12.11,1,9
2025-01-27,102,5001,PetFresh,DRY FOOD,29.99,29.99,0.0,0,7
2025-01-27,102,5002,NutriPaws,DRY FOOD,34.99,28.57,6.42,1,3
2025-01-27,102,5003,PureChow,WET FOOD,12.49,12.49,0.0,0,4
2025-01-27,102,5010,AquaBites,WET FOOD,8.99,8.99,0.0,0,1
2025-01-27,103,5001,PetFresh,DRY FOOD,29.99,29.99,0.0,0,3
2025-01-27,103,5002,NutriPaws,DRY FOOD,34.99,34.99,0.0,0,8
2025-01-27,103,5003,PureChow,WET FOOD,12.49,12.49,0.0,0,5
2025-01-27,103,5010,AquaBites,WET FOOD,8.99,7.27,1.72,1,1
2025-01-28,101,5001,PetFresh,DRY FOOD,29.99,29.99,0.0,0,5
2025-01-28,101,5002,NutriPaws,DRY FOOD,34.99,31.18,3.81,1,6
2025-01-28,101,5003,PureChow,WET FOOD,12.49,12.49,0.0,0,4
2025-01-28,101,5010,AquaBites,WET FOOD,8.99,8.99,0.0,0,1
2025-01-28,101,5032,BulkBones,TREATS,3.99,3.99,0.0,0,1
2025-01-28,102,5001,PetFresh,DRY FOOD,29.99,29.99,0.0,0,6
2025-01-28,102,5002,NutriPaws,DRY FOOD,34.99,34.99,0.0,0,5
2025-01-28,102,5003,PureChow,WET FOOD,12.49,12.49,0.0,0,2
2025-01-28,102,5010,AquaBites,WET FOOD,8.99,8.04,0.95,1,1
2025-01-28,102,5034,OrganicPet,RAW FOOD,39.99,39.99,0.0,0,1
2025-01-28,103,5001,PetFresh,DRY FOOD,29.99,29.99,0.0,0,4
2025-01-28,103,5002,NutriPaws,DRY FOOD,34.99,34.99,0.0,0,6
2025-01-28,103,5003,PureChow,WET FOOD,12.49,12.49,0.0,0,7
2025-01-28,103,5034,OrganicPet,RAW FOOD,39.99,35.49,4.5,1,2
2025-01-29,101,5001,PetFresh,DRY FOOD,29.99,29.99,0.0,0,6
2025-01-29,101,5002,NutriPaws,DRY FOOD,34.99,34.99,0.0,0,3
2025-01-29,101,5010,AquaBites,WET FOOD,8.99,7.89,1.1,1,1
2025-01-29,102,5001,PetFresh,DRY FOOD,29.99,29.99,0.0,0,3
2025-01-29,102,5002,NutriPaws,DRY FOOD,34.99,34.99,0.0,0,5
2025-01-29,102,5003,PureChow,WET FOOD,12.49,12.49,0.0,0,2
2025-01-29,102,5010,AquaBites,WET FOOD,8.99,8.99,0.0,0,4
2025-01-29,103,5001,PetFresh,DRY FOOD,29.99,29.99,0.0,0,5
2025-01-29,103,5002,NutriPaws,DRY FOOD,34.99,34.99,0.0,0,4
2025-01-29,103,5003,PureChow,WET FOOD,12.49,12.49,0.0,0,6
2025-01-30,101,5001,PetFresh,DRY FOOD,29.99,29.99,0.0,0,4
2025-01-30,101,5002,NutriPaws,DRY FOOD,34.99,34.99,0.0,0,6
2025-01-30,101,5003,PureChow,WET FOOD,12.49,10.08,2.41,1,5
2025-01-30,101,5010,AquaBites,WET FOOD,8.99,8.99,0.0,0,17
2025-01-30,102,5001,PetFresh,DRY FOOD,29.99,24.42,5.57,1,4
2025-01-30,102,5002,NutriPaws,DRY FOOD,34.99,34.99,0.0,0,5
2025-01-30,102,5003,PureChow,WET FOOD,12.49,12.49,0.0,0,5
2025-01-30,102,5010,AquaBites,WET FOOD,8.99,8.99,0.0,0,22
2025-01-30,103,5001,PetFresh,DRY FOOD,29.99,29.99,0.0,0,5
2025-01-30,103,5002,NutriPaws,DRY FOOD,34.99,34.99,0.0,0,3
2025-01-30,103,5003,PureChow,WET FOOD,12.49,12.49,0.0,0,6
2025-01-30,103,5020,RawNature,RAW FOOD,45.99,45.99,0.0,0,2
2025-01-30,103,5033,SpecialDiet,SPECIALTY,54.99,54.99,0.0,0,1
2025-01-31,101,5001,PetFresh,DRY FOOD,29.99,29.99,0.0,0,4
2025-01-31,101,5002,NutriPaws,DRY FOOD,34.99,34.99,0.0,0,5
2025-01-31,101,5003,PureChow,WET FOOD,12.49,12.49,0.0,0,4
2025-01-31,101,5010,AquaBites,WET FOOD,8.99,8.99,0.0,0,8
2025-01-31,101,5021,HealthyTails,SUPPLEMENTS,22.99,22.99,0.0,0,1
2025-01-31,102,5001,PetFresh,DRY FOOD,29.99,29.99,0.0,0,6
2025-01-31,102,5002,NutriPaws,DRY FOOD,34.99,34.99,0.0,0,5
2025-01-31,102,5003,PureChow,WET FOOD,12.49,12.49,0.0,0,4
2025-01-31,102,5030,TreatKing,TREATS,5.99,5.99,0.0,0,5
2025-01-31,103,5001,PetFresh,DRY FOOD,29.99,29.99,0.0,0,5
2025-01-31,103,5002,NutriPaws,DRY FOOD,34.99,34.99,0.0,0,6
2025-01-31,103,5003,PureChow,WET FOOD,12.49,12.49,0.0,0,6
2025-01-31,103,5010,AquaBites,WET FOOD,8.99,8.99,0.0,0,1
2025-02-01,101,5001,PetFresh,DRY FOOD,29.99,29.99,0.0,0,5
2025-02-01,101,5002,NutriPaws,DRY FOOD,34.99,30.28,4.71,1,4
2025-02-01,101,5003,PureChow,WET FOOD,12.49,12.49,0.0,0,3
2025-02-01,101,5010,AquaBites,WET FOOD,8.99,8.99,0.0,0,2
2025-02-01,102,5001,PetFresh,DRY FOOD,29.99,26.41,3.58,1,4
2025-02-01,102,5002,NutriPaws,DRY FOOD,34.99,34.99,0.0,0,4
2025-02-01,102,5003,PureChow,WET FOOD,12.49,12.49,0.0,0,3
2025-02-01,102,5010,AquaBites,WET FOOD,8.99,7.2,1.79,1,2
2025-02-01,102,5021,HealthyTails,SUPPLEMENTS,22.99,20.43,2.56,1,2
2025-02-01,103,5001,PetFresh,DRY FOOD,29.99,29.99,0.0,0,6
2025-02-01,103,5002,NutriPaws,DRY FOOD,34.99,34.99,0.0,0,3
2025-02-01,103,5003,PureChow,WET FOOD,12.49,12.49,0.0,0,4
2025-02-01,103,5010,AquaBites,WET FOOD,8.99,8.99,0.0,0,5
2025-02-01,103,5021,HealthyTails,SUPPLEMENTS,22.99,22.99,0.0,0,1
2025-02-02,101,5001,PetFresh,DRY FOOD,29.99,29.99,0.0,0,4
2025-02-02,101,5002,NutriPaws,DRY FOOD,34.99,34.99,0.0,0,5
2025-02-02,101,5003,PureChow,WET FOOD,12.49,12.49,0.0,0,4
2025-02-02,101,5021,HealthyTails,SUPPLEMENTS,22.99,22.99,0.0,0,1
2025-02-02,101,5033,SpecialDiet,SPECIALTY,54.99,54.99,0.0,0,2
2025-02-02,102,5001,PetFresh,DRY FOOD,29.99,29.99,0.0,0,5
2025-02-02,102,5002,NutriPaws,DRY FOOD,34.99,34.99,0.0,0,4
2025-02-02,102,5003,PureChow,WET FOOD,12.49,12.49,0.0,0,5
2025-02-02,103,5001,PetFresh,DRY FOOD,29.99,26.94,3.05,1,4
2025-02-02,103,5002,NutriPaws,DRY FOOD,34.99,34.99,0.0,0,3
2025-02-02,103,5003,PureChow,WET FOOD,12.49,12.49,0.0,0,5
2025-02-02,103,5010,AquaBites,WET FOOD,8.99,8.99,0.0,0,5
2025-02-03,101,5001,PetFresh,DRY FOOD,29.99,26.47,3.52,1,4
2025-02-03,101,5002,NutriPaws,DRY FOOD,34.99,34.99,0.0,0,6
2025-02-03,101,5003,PureChow,WET FOOD,12.49,12.49,0.0,0,6
2025-02-03,101,5010,AquaBites,WET FOOD,8.99,8.99,0.0,0,1
2025-02-03,102,5001,PetFresh,DRY FOOD,29.99,29.99,0.0,0,5
2025-02-03,102,5002,NutriPaws,DRY FOOD,34.99,34.99,0.0,0,5
2025-02-03,102,5003,PureChow,WET FOOD,12.49,12.49,0.0,0,2
2025-02-03,102,5010,AquaBites,WET FOOD,8.99,8.99,0.0,0,2
2025-02-03,103,5001,PetFresh,DRY FOOD,29.99,29.99,0.0,0,4
2025-02-03,103,5002,NutriPaws,DRY FOOD,34.99,34.99,0.0,0,5
2025-02-03,103,5003,PureChow,WET FOOD,12.49,12.49,0.0,0,6
2025-02-03,103,5010,AquaBites,WET FOOD,8.99,8.99,0.0,0,2
2025-02-04,101,5001,PetFresh,DRY FOOD,29.99,29.99,0.0,0,5
2025-02-04,101,5002,NutriPaws,DRY FOOD,34.99,34.99,0.0,0,4
2025-02-04,101,5003,PureChow,WET FOOD,12.49,12.49,0.0,0,3
2025-02-04,101,5034,OrganicPet,RAW FOOD,39.99,39.99,0.0,0,1
2025-02-04,102,5001,PetFresh,DRY FOOD,29.99,29.99,0.0,0,5
2025-02-04,102,5002,NutriPaws,DRY FOOD,34.99,34.99,0.0,0,5
2025-02-04,102,5021,HealthyTails,SUPPLEMENTS,22.99,20.01,2.98,1,2
2025-02-04,102,5032,BulkBones,TREATS,3.99,3.99,0.0,0,8
2025-02-04,103,5001,PetFresh,DRY FOOD,29.99,29.99,0.0,0,5
2025-02-04,103,5002,NutriPaws,DRY FOOD,34.99,34.99,0.0,0,5
2025-02-04,103,5003,PureChow,WET FOOD,12.49,12.49,0.0,0,4
2025-02-05,101,5001,PetFresh,DRY FOOD,29.99,28.45,1.54,1,5
2025-02-05,101,5002,NutriPaws,DRY FOOD,34.99,34.99,0.0,0,3
2025-02-05,101,5003,PureChow,WET FOOD,12.49,12.49,0.0,0,5
2025-02-05,101,5010,AquaBites,WET FOOD,8.99,8.26,0.73,1,5
2025-02-05,101,5031,SnackMaster,TREATS,7.49,7.49,0.0,0,1
2025-02-05,101,5034,OrganicPet,RAW FOOD,39.99,39.99,0.0,0,13
2025-02-05,102,5001,PetFresh,DRY FOOD,29.99,29.99,0.0,0,5
2025-02-05,102,5002,NutriPaws,DRY FOOD,34.99,34.99,0.0,0,3
2025-02-05,102,5003,PureChow,WET FOOD,12.49,12.49,0.0,0,5
2025-02-05,102,5010,AquaBites,WET FOOD,8.99,8.99,0.0,0,9
2025-02-05,103,5001,PetFresh,DRY FOOD,29.99,29.99,0.0,0,3
2025-02-05,103,5002,NutriPaws,DRY FOOD,34.99,34.99,0.0,0,5
2025-02-05,103,5010,AquaBites,WET FOOD,8.99,8.99,0.0,0,2
2025-02-06,101,5001,PetFresh,DRY FOOD,29.99,29.99,0.0,0,4
2025-02-06,101,5002,NutriPaws,DRY FOOD,34.99,33.21,1.78,1,4
2025-02-06,101,5003,PureChow,WET FOOD,12.49,12.49,0.0,0,3
2025-02-06,101,5010,AquaBites,WET FOOD,8.99,8.99,0.0,0,1
2025-02-06,101,5031,SnackMaster,TREATS,7.49,6.44,1.05,1,2
2025-02-06,102,5001,PetFresh,DRY FOOD,29.99,29.99,0.0,0,7
2025-02-06,102,5002,NutriPaws,DRY FOOD,34.99,34.99,0.0,0,3
2025-02-06,102,5003,PureChow,WET FOOD,12.49,12.49,0.0,0,5
2025-02-06,102,5010,AquaBites,WET FOOD,8.99,8.99,0.0,0,3
2025-02-06,102,5021,HealthyTails,SUPPLEMENTS,22.99,22.99,0.0,0,1
2025-02-06,102,5035,VetFormula,SPECIALTY,62.99,62.99,0.0,0,2
2025-02-06,103,5001,PetFresh,DRY FOOD,29.99,29.99,0.0,0,5
2025-02-06,103,5002,NutriPaws,DRY FOOD,34.99,34.99,0.0,0,2
2025-02-06,103,5003,PureChow,WET FOOD,12.49,12.49,0.0,0,5
2025-02-06,103,5010,AquaBites,WET FOOD,8.99,8.99,0.0,0,7
2025-02-07,101,5001,PetFresh,DRY FOOD,29.99,29.99,0.0,0,5
2025-02-07,101,5002,NutriPaws,DRY FOOD,34.99,34.99,0.0,0,3
2025-02-07,101,5003,PureChow,WET FOOD,12.49,12.49,0.0,0,5
2025-02-07,102,5001,PetFresh,DRY FOOD,29.99,29.99,0.0,0,4
2025-02-07,102,5002,NutriPaws,DRY FOOD,34.99,34.99,0.0,0,3
2025-02-07,102,5003,PureChow,WET FOOD,12.49,12.49,0.0,0,5
2025-02-07,102,5010,AquaBites,WET FOOD,8.99,8.99,0.0,0,17
2025-02-07,102,5021,HealthyTails,SUPPLEMENTS,22.99,22.99,0.0,0,1
2025-02-07,103,5001,PetFresh,DRY FOOD,29.99,29.99,0.0,0,3
2025-02-07,103,5002,NutriPaws,DRY FOOD,34.99,34.99,0.0,0,3
2025-02-07,103,5003,PureChow,WET FOOD,12.49,11.45,1.04,1,5
2025-02-07,103,5010,AquaBites,WET FOOD,8.99,8.99,0.0,0,5
2025-02-08,101,5001,PetFresh,DRY FOOD,29.99,29.99,0.0,0,4
2025-02-08,101,5002,NutriPaws,DRY FOOD,34.99,34.99,0.0,0,5
2025-02-08,101,5003,PureChow,WET FOOD,12.49,12.49,0.0,0,3
2025-02-08,101,5010,AquaBites,WET FOOD,8.99,7.57,1.42,1,2
2025-02-08,101,5021,HealthyTails,SUPPLEMENTS,22.99,22.99,0.0,0,1
2025-02-08,102,5001,PetFresh,DRY FOOD,29.99,29.99,0.0,0,5
2025-02-08,102,5003,PureChow,WET FOOD,12.49,12.49,0.0,0,5
2025-02-08,102,5010,AquaBites,WET FOOD,8.99,8.99,0.0,0,6
2025-02-08,102,5020,RawNature,RAW FOOD,45.99,45.99,0.0,0,1
2025-02-08,102,5030,TreatKing,TREATS,5.99,5.99,0.0,0,1
2025-02-08,103,5001,PetFresh,DRY FOOD,29.99,29.99,0.0,0,5
2025-02-08,103,5002,NutriPaws,DRY FOOD,34.99,34.99,0.0,0,5
2025-02-08,103,5003,PureChow,WET FOOD,12.49,11.21,1.28,1,4
2025-02-08,103,5010,AquaBites,WET FOOD,8.99,8.99,0.0,0,1
2025-02-09,101,5001,PetFresh,DRY FOOD,29.99,29.99,0.0,0,5
2025-02-09,101,5002,NutriPaws,DRY FOOD,34.99,34.99,0.0,0,3
2025-02-09,101,5003,PureChow,WET FOOD,12.49,12.49,0.0,0,4
2025-02-09,102,5001,PetFresh,DRY FOOD,29.99,29.99,0.0,0,5
2025-02-09,102,5002,NutriPaws,DRY FOOD,34.99,34.99,0.0,0,6
2025-02-09,102,5003,PureChow,WET FOOD,12.49,12.49,0.0,0,4
2025-02-09,102,5010,AquaBites,WET FOOD,8.99,8.99,0.0,0,10
2025-02-09,102,5020,RawNature,RAW FOOD,45.99,45.99,0.0,0,1
2025-02-09,103,5001,PetFresh,DRY FOOD,29.99,29.99,0.0,0,3
2025-02-09,103,5002,NutriPaws,DRY FOOD,34.99,34.99,0.0,0,5
2025-02-09,103,5003,PureChow,WET FOOD,12.49,12.49,0.0,0,4
2025-02-09,103,5010,AquaBites,WET FOOD,8.99,8.99,0.0,0,11
2025-02-10,101,5001,PetFresh,DRY FOOD,29.99,29.99,0.0,0,5
2025-02-10,101,5002,NutriPaws,DRY FOOD,34.99,34.99,0.0,0,3
2025-02-10,101,5003,PureChow,WET FOOD,12.49,12.49,0.0,0,5
2025-02-10,101,5010,AquaBites,WET FOOD,8.99,8.99,0.0,0,2
2025-02-10,102,5001,PetFresh,DRY FOOD,29.99,29.99,0.0,0,5
2025-02-10,102,5002,NutriPaws,DRY FOOD,34.99,34.99,0.0,0,8
2025-02-10,102,5003,PureChow,WET FOOD,12.49,12.49,0.0,0,3
2025-02-10,102,5010,AquaBites,WET FOOD,8.99,8.99,0.0,0,8
2025-02-10,103,5001,PetFresh,DRY FOOD,29.99,29.99,0.0,0,6
2025-02-10,103,5003,PureChow,WET FOOD,12.49,12.49,0.0,0,5
2025-02-10,103,5010,AquaBites,WET FOOD,8.99,8.99,0.0,0,1
2025-02-11,101,5001,PetFresh,DRY FOOD,29.99,29.99,0.0,0,5
2025-02-11,101,5002,NutriPaws,DRY FOOD,34.99,34.99,0.0,0,5
2025-02-11,101,5003,PureChow,WET FOOD,12.49,12.49,0.0,0,3
2025-02-11,101,5010,AquaBites,WET FOOD,8.99,8.99,0.0,0,1
2025-02-11,101,5032,BulkBones,TREATS,3.99,3.99,0.0,0,15
2025-02-11,102,5001,PetFresh,DRY FOOD,29.99,29.99,0.0,0,5
2025-02-11,102,5002,NutriPaws,DRY FOOD,34.99,34.99,0.0,0,4
2025-02-11,102,5010,AquaBites,WET FOOD,8.99,8.99,0.0,0,3
2025-02-11,102,5032,BulkBones,TREATS,3.99,3.99,0.0,0,3
2025-02-11,102,5035,VetFormula,SPECIALTY,62.99,62.99,0.0,0,5
2025-02-11,103,5002,NutriPaws,DRY FOOD,34.99,34.99,0.0,0,4
2025-02-11,103,5003,PureChow,WET FOOD,12.49,11.28,1.21,1,3
2025-02-11,103,5035,VetFormula,SPECIALTY,62.99,62.99,0.0,0,5
2025-02-12,101,5001,PetFresh,DRY FOOD,29.99,29.99,0.0,0,6
2025-02-12,101,5002,NutriPaws,DRY FOOD,34.99,34.99,0.0,0,3
2025-02-12,101,5003,PureChow,WET FOOD,12.49,10.46,2.03,1,5
2025-02-12,101,5010,AquaBites,WET FOOD,8.99,8.99,0.0,0,3
2025-02-12,102,5001,PetFresh,DRY FOOD,29.99,29.99,0.0,0,6
2025-02-12,102,5002,NutriPaws,DRY FOOD,34.99,34.99,0.0,0,3
2025-02-12,102,5003,PureChow,WET FOOD,12.49,12.49,0.0,0,4
2025-02-12,103,5001,PetFresh,DRY FOOD,29.99,29.99,0.0,0,5
2025-02-12,103,5002,NutriPaws,DRY FOOD,34.99,34.99,0.0,0,3
2025-02-12,103,5010,AquaBites,WET FOOD,8.99,8.19,0.8,1,1
2025-02-12,103,5020,RawNature,RAW FOOD,45.99,45.99,0.0,0,1
2025-02-13,101,5001,PetFresh,DRY FOOD,29.99,29.99,0.0,0,6
2025-02-13,101,5002,NutriPaws,DRY FOOD,34.99,34.99,0.0,0,7
2025-02-13,101,5003,PureChow,WET FOOD,12.49,12.49,0.0,0,6
2025-02-13,101,5010,AquaBites,WET FOOD,8.99,8.99,0.0,0,9
2025-02-13,102,5001,PetFresh,DRY FOOD,29.99,29.99,0.0,0,6
2025-02-13,102,5002,NutriPaws,DRY FOOD,34.99,32.52,2.47,1,5
2025-02-13,102,5003,PureChow,WET FOOD,12.49,12.49,0.0,0,3
2025-02-13,103,5001,PetFresh,DRY FOOD,29.99,29.99,0.0,0,5
2025-02-13,103,5002,NutriPaws,DRY FOOD,34.99,34.99,0.0,0,6
2025-02-13,103,5003,PureChow,WET FOOD,12.49,10.26,2.23,1,4
2025-02-13,103,5010,AquaBites,WET FOOD,8.99,8.99,0.0,0,1
2025-02-13,103,5032,BulkBones,TREATS,3.99,3.76,0.23,1,9
2025-02-14,101,5002,NutriPaws,DRY FOOD,34.99,34.99,0.0,0,5
2025-02-14,101,5003,PureChow,WET FOOD,12.49,12.49,0.0,0,3
2025-02-14,102,5001,PetFresh,DRY FOOD,29.99,29.99,0.0,0,3
2025-02-14,102,5002,NutriPaws,DRY FOOD,34.99,34.99,0.0,0,6
2025-02-14,102,5003,PureChow,WET FOOD,12.49,12.49,0.0,0,3
2025-02-14,102,5010,AquaBites,WET FOOD,8.99,8.99,0.0,0,8
2025-02-14,103,5002,NutriPaws,DRY FOOD,34.99,34.99,0.0,0,5
2025-02-14,103,5003,PureChow,WET FOOD,12.49,12.49,0.0,0,4
2025-02-14,103,5010,AquaBites,WET FOOD,8.99,8.99,0.0,0,3
2025-02-15,101,5001,PetFresh,DRY FOOD,29.99,29.99,0.0,0,4
2025-02-15,101,5002,NutriPaws,DRY FOOD,34.99,34.99,0.0,0,2
2025-02-15,101,5003,PureChow,WET FOOD,12.49,12.49,0.0,0,6
2025-02-15,101,5010,AquaBites,WET FOOD,8.99,8.99,0.0,0,6
2025-02-15,101,5021,HealthyTails,SUPPLEMENTS,22.99,22.99,0.0,0,1
2025-02-15,102,5001,PetFresh,DRY FOOD,29.99,29.99,0.0,0,5
2025-02-15,102,5002,NutriPaws,DRY FOOD,34.99,34.99,0.0,0,5
2025-02-15,102,5003,PureChow,WET FOOD,12.49,12.49,0.0,0,3
2025-02-15,103,5001,PetFresh,DRY FOOD,29.99,29.99,0.0,0,5
2025-02-15,103,5002,NutriPaws,DRY FOOD,34.99,34.99,0.0,0,5
2025-02-15,103,5003,PureChow,WET FOOD,12.49,12.49,0.0,0,5
2025-02-15,103,5010,AquaBites,WET FOOD,8.99,8.0,0.99,1,31
2025-02-15,103,5034,OrganicPet,RAW FOOD,39.99,39.99,0.0,0,8
2025-02-16,101,5001,PetFresh,DRY FOOD,29.99,29.99,0.0,0,3
2025-02-16,101,5002,NutriPaws,DRY FOOD,34.99,34.99,0.0,0,6
2025-02-16,101,5003,PureChow,WET FOOD,12.49,12.49,0.0,0,5
2025-02-16,101,5010,AquaBites,WET FOOD,8.99,8.99,0.0,0,1
2025-02-16,101,5030,TreatKing,TREATS,5.99,5.99,0.0,0,3
2025-02-16,101,5034,OrganicPet,RAW FOOD,39.99,39.99,0.0,0,5
2025-02-16,102,5001,PetFresh,DRY FOOD,29.99,29.99,0.0,0,5
2025-02-16,102,5002,NutriPaws,DRY FOOD,34.99,34.99,0.0,0,6
2025-02-16,102,5003,PureChow,WET FOOD,12.49,12.49,0.0,0,5
2025-02-16,102,5010,AquaBites,WET FOOD,8.99,8.99,0.0,0,1
2025-02-16,103,5001,PetFresh,DRY FOOD,29.99,29.99,0.0,0,4
2025-02-16,103,5003,PureChow,WET FOOD,12.49,12.49,0.0,0,6
2025-02-16,103,5010,AquaBites,WET FOOD,8.99,8.99,0.0,0,2
2025-02-17,101,5001,PetFresh,DRY FOOD,29.99,29.99,0.0,0,4
2025-02-17,101,5003,PureChow,WET FOOD,12.49,12.49,0.0,0,4
2025-02-17,101,5010,AquaBites,WET FOOD,8.99,8.99,0.0,0,12
2025-02-17,102,5001,PetFresh,DRY FOOD,29.99,29.99,0.0,0,4
2025-02-17,102,5002,NutriPaws,DRY FOOD,34.99,34.99,0.0,0,2
2025-02-17,102,5035,VetFormula,SPECIALTY,62.99,62.99,0.0,0,12
2025-02-17,103,5001,PetFresh,DRY FOOD,29.99,29.99,0.0,0,4
2025-02-17,103,5002,NutriPaws,DRY FOOD,34.99,30.16,4.83,1,2
2025-02-17,103,5010,AquaBites,WET FOOD,8.99,8.99,0.0,0,12
2025-02-18,101,5002,NutriPaws,DRY FOOD,34.99,34.99,0.0,0,6
2025-02-18,101,5010,AquaBites,WET FOOD,8.99,8.99,0.0,0,17
2025-02-18,102,5002,NutriPaws,DRY FOOD,34.99,34.99,0.0,0,4
2025-02-18,102,5010,AquaBites,WET FOOD,8.99,8.99,0.0,0,6
2025-02-18,103,5001,PetFresh,DRY FOOD,29.99,29.99,0.0,0,5
2025-02-18,103,5002,NutriPaws,DRY FOOD,34.99,34.99,0.0,0,4
2025-02-18,103,5003,PureChow,WET FOOD,12.49,11.38,1.11,1,4
2025-02-18,103,5010,AquaBites,WET FOOD,8.99,8.99,0.0,0,1
2025-02-19,101,5001,PetFresh,DRY FOOD,29.99,29.99,0.0,0,5
2025-02-19,101,5002,NutriPaws,DRY FOOD,34.99,34.99,0.0,0,5
2025-02-19,101,5003,PureChow,WET FOOD,12.49,12.49,0.0,0,5
2025-02-19,101,5020,RawNature,RAW FOOD,45.99,45.99,0.0,0,1
2025-02-19,102,5001,PetFresh,DRY FOOD,29.99,29.99,0.0,0,3
2025-02-19,102,5002,NutriPaws,DRY FOOD,34.99,31.5,3.49,1,5
2025-02-19,102,5010,AquaBites,WET FOOD,8.99,8.99,0.0,0,5
2025-02-19,103,5001,PetFresh,DRY FOOD,29.99,29.99,0.0,0,6
2025-02-19,103,5002,NutriPaws,DRY FOOD,34.99,32.15,2.84,1,6
2025-02-19,103,5003,PureChow,WET FOOD,12.49,10.4,2.09,1,6
2025-02-19,103,5010,AquaBites,WET FOOD,8.99,8.99,0.0,0,15
2025-02-19,103,5033,SpecialDiet,SPECIALTY,54.99,54.99,0.0,0,2
2025-02-20,101,5001,PetFresh,DRY FOOD,29.99,29.99,0.0,0,4
2025-02-20,101,5002,NutriPaws,DRY FOOD,34.99,34.99,0.0,0,3
2025-02-20,101,5003,PureChow,WET FOOD,12.49,12.49,0.0,0,3
2025-02-20,101,5010,AquaBites,WET FOOD,8.99,8.99,0.0,0,3
2025-02-20,102,5001,PetFresh,DRY FOOD,29.99,29.99,0.0,0,3
2025-02-20,102,5003,PureChow,WET FOOD,12.49,12.49,0.0,0,4
2025-02-20,102,5010,AquaBites,WET FOOD,8.99,8.99,0.0,0,19
2025-02-20,102,5030,TreatKing,TREATS,5.99,5.99,0.0,0,1
2025-02-20,103,5001,PetFresh,DRY FOOD,29.99,29.99,0.0,0,5
2025-02-20,103,5002,NutriPaws,DRY FOOD,34.99,34.99,0.0,0,4
2025-02-20,103,5003,PureChow,WET FOOD,12.49,12.49,0.0,0,5
2025-02-20,103,5010,AquaBites,WET FOOD,8.99,8.34,0.65,1,10
2025-02-21,101,5001,PetFresh,DRY FOOD,29.99,29.99,0.0,0,4
2025-02-21,101,5002,NutriPaws,DRY FOOD,34.99,34.99,0.0,0,4
2025-02-21,101,5003,PureChow,WET FOOD,12.49,12.49,0.0,0,3
2025-02-21,101,5010,AquaBites,WET FOOD,8.99,8.99,0.0,0,7
2025-02-21,101,5031,SnackMaster,TREATS,7.49,7.49,0.0,0,3
2025-02-21,102,5001,PetFresh,DRY FOOD,29.99,29.99,0.0,0,6
2025-02-21,102,5002,NutriPaws,DRY FOOD,34.99,34.99,0.0,0,3
2025-02-21,102,5003,PureChow,WET FOOD,12.49,12.49,0.0,0,5
2025-02-21,102,5010,AquaBites,WET FOOD,8.99,8.99,0.0,0,1
2025-02-21,103,5001,PetFresh,DRY FOOD,29.99,29.99,0.0,0,3
2025-02-21,103,5002,NutriPaws,DRY FOOD,34.99,34.99,0.0,0,3
2025-02-21,103,5003,PureChow,WET FOOD,12.49,12.49,0.0,0,4
2025-02-21,103,5010,AquaBites,WET FOOD,8.99,8.05,0.94,1,1
2025-02-22,101,5001,PetFresh,DRY FOOD,29.99,29.99,0.0,0,6
2025-02-22,101,5002,NutriPaws,DRY FOOD,34.99,34.99,0.0,0,4
2025-02-22,101,5003,PureChow,WET FOOD,12.49,11.77,0.72,1,5
2025-02-22,102,5002,NutriPaws,DRY FOOD,34.99,34.99,0.0,0,4
2025-02-22,102,5003,PureChow,WET FOOD,12.49,12.49,0.0,0,6
2025-02-22,102,5010,AquaBites,WET FOOD,8.99,8.99,0.0,0,19
2025-02-22,103,5001,PetFresh,DRY FOOD,29.99,29.99,0.0,0,6
2025-02-22,103,5002,NutriPaws,DRY FOOD,34.99,34.99,0.0,0,8
2025-02-22,103,5003,PureChow,WET FOOD,12.49,12.49,0.0,0,4
2025-02-22,103,5010,AquaBites,WET FOOD,8.99,8.99,0.0,0,7
2025-02-23,101,5001,PetFresh,DRY FOOD,29.99,29.99,0.0,0,5
2025-02-23,101,5002,NutriPaws,DRY FOOD,34.99,34.99,0.0,0,5
2025-02-23,101,5003,PureChow,WET FOOD,12.49,12.49,0.0,0,5
2025-02-23,101,5010,AquaBites,WET FOOD,8.99,8.99,0.0,0,15
2025-02-23,102,5001,PetFresh,DRY FOOD,29.99,29.99,0.0,0,5
2025-02-23,102,5002,NutriPaws,DRY FOOD,34.99,34.99,0.0,0,4
2025-02-23,102,5003,PureChow,WET FOOD,12.49,12.49,0.0,0,5
2025-02-23,102,5010,AquaBites,WET FOOD,8.99,8.99,0.0,0,9
2025-02-23,103,5001,PetFresh,DRY FOOD,29.99,29.99,0.0,0,5
2025-02-23,103,5002,NutriPaws,DRY FOOD,34.99,32.96,2.03,1,4
2025-02-23,103,5003,PureChow,WET FOOD,12.49,12.49,0.0,0,3
2025-02-23,103,5010,AquaBites,WET FOOD,8.99,8.99,0.0,0,1
2025-02-24,101,5002,NutriPaws,DRY FOOD,34.99,34.99,0.0,0,4
2025-02-24,101,5003,PureChow,WET FOOD,12.49,12.49,0.0,0,5
2025-02-24,101,5010,AquaBites,WET FOOD,8.99,8.99,0.0,0,1
2025-02-24,102,5001,PetFresh,DRY FOOD,29.99,29.99,0.0,0,5
2025-02-24,102,5002,NutriPaws,DRY FOOD,34.99,34.99,0.0,0,6
2025-02-24,102,5030,TreatKing,TREATS,5.99,5.99,0.0,0,1
2025-02-24,103,5001,PetFresh,DRY FOOD,29.99,28.28,1.71,1,5
2025-02-24,103,5003,PureChow,WET FOOD,12.49,12.49,0.0,0,3
2025-02-24,103,5010,AquaBites,WET FOOD,8.99,8.99,0.0,0,1
2025-02-24,103,5033,SpecialDiet,SPECIALTY,54.99,54.99,0.0,0,1
2025-02-24,103,5035,VetFormula,SPECIALTY,62.99,62.99,0.0,0,3
2025-02-25,101,5001,PetFresh,DRY FOOD,29.99,29.99,0.0,0,4
2025-02-25,101,5002,NutriPaws,DRY FOOD,34.99,34.99,0.0,0,3
2025-02-25,101,5003,PureChow,WET FOOD,12.49,11.66,0.83,1,3
2025-02-25,101,5020,RawNature,RAW FOOD,45.99,45.99,0.0,0,1
2025-02-25,102,5001,PetFresh,DRY FOOD,29.99,29.99,0.0,0,4
2025-02-25,102,5002,NutriPaws,DRY FOOD,34.99,34.99,0.0,0,4
2025-02-25,102,5003,PureChow,WET FOOD,12.49,11.67,0.82,1,4
2025-02-25,102,5010,AquaBites,WET FOOD,8.99,8.99,0.0,0,1
2025-02-25,102,5032,BulkBones,TREATS,3.99,3.99,0.0,0,3
2025-02-25,102,5035,VetFormula,SPECIALTY,62.99,62.99,0.0,0,5
2025-02-25,103,5001,PetFresh,DRY FOOD,29.99,29.99,0.0,0,4
2025-02-25,103,5002,NutriPaws,DRY FOOD,34.99,34.99,0.0,0,6
2025-02-25,103,5003,PureChow,WET FOOD,12.49,12.49,0.0,0,5
2025-02-25,103,5010,AquaBites,WET FOOD,8.99,8.99,0.0,0,29
2025-02-25,103,5031,SnackMaster,TREATS,7.49,7.49,0.0,0,1
2025-02-26,101,5001,PetFresh,DRY FOOD,29.99,29.99,0.0,0,6
2025-02-26,101,5002,NutriPaws,DRY FOOD,34.99,34.99,0.0,0,3
2025-02-26,101,5003,PureChow,WET FOOD,12.49,12.49,0.0,0,5
2025-02-26,101,5010,AquaBites,WET FOOD,8.99,8.99,0.0,0,3
2025-02-26,102,5001,PetFresh,DRY FOOD,29.99,29.99,0.0,0,4
2025-02-26,102,5002,NutriPaws,DRY FOOD,34.99,34.99,0.0,0,3
2025-02-26,102,5003,PureChow,WET FOOD,12.49,12.49,0.0,0,5
2025-02-26,102,5010,AquaBites,WET FOOD,8.99,7.62,1.37,1,2
2025-02-26,102,5034,OrganicPet,RAW FOOD,39.99,39.99,0.0,0,1
2025-02-26,103,5001,PetFresh,DRY FOOD,29.99,29.99,0.0,0,5
2025-02-26,103,5003,PureChow,WET FOOD,12.49,12.49,0.0,0,3
2025-02-26,103,5010,AquaBites,WET FOOD,8.99,7.65,1.34,1,8
2025-02-27,101,5001,PetFresh,DRY FOOD,29.99,29.99,0.0,0,6
2025-02-27,101,5002,NutriPaws,DRY FOOD,34.99,30.66,4.33,1,6
2025-02-27,101,5003,PureChow,WET FOOD,12.49,12.49,0.0,0,5
2025-02-27,101,5010,AquaBites,WET FOOD,8.99,8.99,0.0,0,3
2025-02-27,102,5001,PetFresh,DRY FOOD,29.99,29.99,0.0,0,4
2025-02-27,102,5002,NutriPaws,DRY FOOD,34.99,34.99,0.0,0,5
2025-02-27,102,5003,PureChow,WET FOOD,12.49,12.49,0.0,0,5
2025-02-27,102,5010,AquaBites,WET FOOD,8.99,8.99,0.0,0,1
2025-02-27,103,5001,PetFresh,DRY FOOD,29.99,29.99,0.0,0,4
2025-02-27,103,5002,NutriPaws,DRY FOOD,34.99,34.99,0.0,0,4
2025-02-27,103,5003,PureChow,WET FOOD,12.49,12.49,0.0,0,5
2025-02-27,103,5010,AquaBites,WET FOOD,8.99,8.99,0.0,0,1
2025-02-28,101,5001,PetFresh,DRY FOOD,29.99,29.99,0.0,0,4
2025-02-28,101,5002,NutriPaws,DRY FOOD,34.99,34.99,0.0,0,5
2025-02-28,101,5003,PureChow,WET FOOD,12.49,12.49,0.0,0,5
2025-02-28,101,5010,AquaBites,WET FOOD,8.99,8.99,0.0,0,3
2025-02-28,101,5032,BulkBones,TREATS,3.99,3.99,0.0,0,13
2025-02-28,102,5001,PetFresh,DRY FOOD,29.99,29.99,0.0,0,3
2025-02-28,102,5002,NutriPaws,DRY FOOD,34.99,34.99,0.0,0,4
2025-02-28,102,5003,PureChow,WET FOOD,12.49,12.49,0.0,0,3
2025-02-28,103,5001,PetFresh,DRY FOOD,29.99,29.99,0.0,0,4
2025-02-28,103,5002,NutriPaws,DRY FOOD,34.99,34.99,0.0,0,6
2025-02-28,103,5003,PureChow,WET FOOD,12.49,12.49,0.0,0,3
2025-02-28,103,5010,AquaBites,WET FOOD,8.99,8.99,0.0,0,2
2025-03-01,101,5001,PetFresh,DRY FOOD,29.99,29.99,0.0,0,3
2025-03-01,101,5002,NutriPaws,DRY FOOD,34.99,34.99,0.0,0,5
2025-03-01,101,5003,PureChow,WET FOOD,12.49,12.49,0.0,0,4
2025-03-01,101,5010,AquaBites,WET FOOD,8.99,8.99,0.0,0,1
2025-03-01,102,5001,PetFresh,DRY FOOD,29.99,29.99,0.0,0,7
2025-03-01,102,5002,NutriPaws,DRY FOOD,34.99,34.99,0.0,0,5
2025-03-01,102,5003,PureChow,WET FOOD,12.49,12.49,0.0,0,4
2025-03-01,102,5010,AquaBites,WET FOOD,8.99,8.99,0.0,0,5
2025-03-01,103,5001,PetFresh,DRY FOOD,29.99,29.99,0.0,0,4
2025-03-01,103,5002,NutriPaws,DRY FOOD,34.99,34.99,0.0,0,4
2025-03-01,103,5003,PureChow,WET FOOD,12.49,12.49,0.0,0,6
2025-03-01,103,5010,AquaBites,WET FOOD,8.99,8.99,0.0,0,9
2025-03-02,101,5001,PetFresh,DRY FOOD,29.99,29.99,0.0,0,2
2025-03-02,101,5002,NutriPaws,DRY FOOD,34.99,34.99,0.0,0,4
2025-03-02,101,5003,PureChow,WET FOOD,12.49,12.49,0.0,0,4
2025-03-02,101,5010,AquaBites,WET FOOD,8.99,8.99,0.0,0,1
2025-03-02,101,5021,HealthyTails,SUPPLEMENTS,22.99,22.99,0.0,0,1
2025-03-02,102,5001,PetFresh,DRY FOOD,29.99,29.99,0.0,0,3
2025-03-02,102,5002,NutriPaws,DRY FOOD,34.99,34.99,0.0,0,4
2025-03-02,102,5003,PureChow,WET FOOD,12.49,12.49,0.0,0,4
2025-03-02,102,5010,AquaBites,WET FOOD,8.99,8.99,0.0,0,5
2025-03-02,102,5030,TreatKing,TREATS,5.99,5.99,0.0,0,5
2025-03-02,103,5001,PetFresh,DRY FOOD,29.99,29.99,0.0,0,5
2025-03-02,103,5003,PureChow,WET FOOD,12.49,12.49,0.0,0,4
2025-03-02,103,5031,SnackMaster,TREATS,7.49,7.49,0.0,0,11
2025-03-03,101,5001,PetFresh,DRY FOOD,29.99,28.2,1.79,1,4
2025-03-03,101,5002,NutriPaws,DRY FOOD,34.99,34.99,0.0,0,5
2025-03-03,101,5003,PureChow,WET FOOD,12.49,12.49,0.0,0,2
2025-03-03,101,5010,AquaBites,WET FOOD,8.99,8.99,0.0,0,24
2025-03-03,102,5001,PetFresh,DRY FOOD,29.99,29.99,0.0,0,3
2025-03-03,102,5002,NutriPaws,DRY FOOD,34.99,34.99,0.0,0,4
2025-03-03,102,5003,PureChow,WET FOOD,12.49,12.49,0.0,0,4
2025-03-03,102,5010,AquaBites,WET FOOD,8.99,8.99,0.0,0,6
2025-03-03,103,5001,PetFresh,DRY FOOD,29.99,29.99,0.0,0,5
2025-03-03,103,5002,NutriPaws,DRY FOOD,34.99,34.99,0.0,0,3
2025-03-03,103,5003,PureChow,WET FOOD,12.49,12.49,0.0,0,6
2025-03-03,103,5010,AquaBites,WET FOOD,8.99,8.99,0.0,0,10
2025-03-04,101,5001,PetFresh,DRY FOOD,29.99,25.81,4.18,1,4
2025-03-04,101,5002,NutriPaws,DRY FOOD,34.99,34.99,0.0,0,4
2025-03-04,101,5003,PureChow,WET FOOD,12.49,12.49,0.0,0,4
2025-03-04,101,5010,AquaBites,WET FOOD,8.99,8.99,0.0,0,6
2025-03-04,102,5003,PureChow,WET FOOD,12.49,12.49,0.0,0,2
2025-03-04,102,5010,AquaBites,WET FOOD,8.99,7.56,1.43,1,1
2025-03-04,103,5001,PetFresh,DRY FOOD,29.99,29.99,0.0,0,4
2025-03-04,103,5002,NutriPaws,DRY FOOD,34.99,34.99,0.0,0,4
2025-03-04,103,5003,PureChow,WET FOOD,12.49,12.49,0.0,0,4
2025-03-04,103,5010,AquaBites,WET FOOD,8.99,8.99,0.0,0,8
2025-03-05,101,5001,PetFresh,DRY FOOD,29.99,29.99,0.0,0,5
2025-03-05,101,5002,NutriPaws,DRY FOOD,34.99,34.99,0.0,0,5
2025-03-05,101,5003,PureChow,WET FOOD,12.49,12.49,0.0,0,4
2025-03-05,101,5010,AquaBites,WET FOOD,8.99,7.86,1.13,1,1
2025-03-05,101,5020,RawNature,RAW FOOD,45.99,45.99,0.0,0,2
2025-03-05,101,5030,TreatKing,TREATS,5.99,5.99,0.0,0,1
2025-03-05,102,5001,PetFresh,DRY FOOD,29.99,29.99,0.0,0,5
2025-03-05,102,5002,NutriPaws,DRY FOOD,34.99,34.99,0.0,0,4
2025-03-05,102,5003,PureChow,WET FOOD,12.49,12.49,0.0,0,5
2025-03-05,102,5010,AquaBites,WET FOOD,8.99,8.99,0.0,0,9
2025-03-05,102,5035,VetFormula,SPECIALTY,62.99,62.99,0.0,0,7
2025-03-05,103,5001,PetFresh,DRY FOOD,29.99,29.99,0.0,0,8
2025-03-05,103,5002,NutriPaws,DRY FOOD,34.99,34.99,0.0,0,2
2025-03-05,103,5020,RawNature,RAW FOOD,45.99,37.01,8.98,1,1
2025-03-06,101,5001,PetFresh,DRY FOOD,29.99,29.99,0.0,0,4
2025-03-06,101,5002,NutriPaws,DRY FOOD,34.99,34.99,0.0,0,4
2025-03-06,101,5003,PureChow,WET FOOD,12.49,12.49,0.0,0,8
2025-03-06,101,5010,AquaBites,WET FOOD,8.99,8.99,0.0,0,10
2025-03-06,101,5020,RawNature,RAW FOOD,45.99,45.99,0.0,0,1
2025-03-06,102,5001,PetFresh,DRY FOOD,29.99,25.45,4.54,1,4
2025-03-06,102,5002,NutriPaws,DRY FOOD,34.99,34.99,0.0,0,5
2025-03-06,102,5003,PureChow,WET FOOD,12.49,12.49,0.0,0,4
2025-03-06,102,5010,AquaBites,WET FOOD,8.99,8.99,0.0,0,1
2025-03-06,103,5001,PetFresh,DRY FOOD,29.99,29.99,0.0,0,5
2025-03-06,103,5002,NutriPaws,DRY FOOD,34.99,34.99,0.0,0,5
2025-03-06,103,5003,PureChow,WET FOOD,12.49,12.49,0.0,0,4
2025-03-06,103,5010,AquaBites,WET FOOD,8.99,8.99,0.0,0,3
2025-03-07,101,5001,PetFresh,DRY FOOD,29.99,26.14,3.85,1,4
2025-03-07,101,5003,PureChow,WET FOOD,12.49,12.49,0.0,0,5
2025-03-07,101,5010,AquaBites,WET FOOD,8.99,8.99,0.0,0,1
2025-03-07,102,5001,PetFresh,DRY FOOD,29.99,29.99,0.0,0,6
2025-03-07,102,5002,NutriPaws,DRY FOOD,34.99,34.99,0.0,0,4
2025-03-07,102,5003,PureChow,WET FOOD,12.49,12.49,0.0,0,2
2025-03-07,102,5010,AquaBites,WET FOOD,8.99,8.99,0.0,0,2
2025-03-07,103,5001,PetFresh,DRY FOOD,29.99,29.99,0.0,0,6
2025-03-07,103,5002,NutriPaws,DRY FOOD,34.99,30.5,4.49,1,6
2025-03-07,103,5003,PureChow,WET FOOD,12.49,12.49,0.0,0,5
2025-03-07,103,5010,AquaBites,WET FOOD,8.99,8.99,0.0,0,10
2025-03-08,101,5001,PetFresh,DRY FOOD,29.99,29.99,0.0,0,5
2025-03-08,101,5002,NutriPaws,DRY FOOD,34.99,34.99,0.0,0,6
2025-03-08,101,5003,PureChow,WET FOOD,12.49,12.49,0.0,0,6
2025-03-08,101,5010,AquaBites,WET FOOD,8.99,8.99,0.0,0,1
2025-03-08,102,5001,PetFresh,DRY FOOD,29.99,29.99,0.0,0,4
2025-03-08,102,5002,NutriPaws,DRY FOOD,34.99,34.99,0.0,0,3
2025-03-08,102,5003,PureChow,WET FOOD,12.49,12.49,0.0,0,6
2025-03-08,102,5010,AquaBites,WET FOOD,8.99,8.99,0.0,0,1
2025-03-08,103,5001,PetFresh,DRY FOOD,29.99,29.99,0.0,0,5
2025-03-08,103,5002,NutriPaws,DRY FOOD,34.99,34.99,0.0,0,4
2025-03-08,103,5010,AquaBites,WET FOOD,8.99,8.99,0.0,0,1
2025-03-09,101,5001,PetFresh,DRY FOOD,29.99,29.99,0.0,0,3
2025-03-09,101,5002,NutriPaws,DRY FOOD,34.99,29.55,5.44,1,6
2025-03-09,101,5010,AquaBites,WET FOOD,8.99,8.99,0.0,0,8
2025-03-09,101,5035,VetFormula,SPECIALTY,62.99,62.99,0.0,0,1
2025-03-09,102,5001,PetFresh,DRY FOOD,29.99,26.18,3.81,1,3
2025-03-09,102,5002,NutriPaws,DRY FOOD,34.99,34.99,0.0,0,4
2025-03-09,102,5003,PureChow,WET FOOD,12.49,12.49,0.0,0,4
2025-03-09,102,5010,AquaBites,WET FOOD,8.99,8.99,0.0,0,1
2025-03-09,103,5001,PetFresh,DRY FOOD,29.99,29.99,0.0,0,6
2025-03-09,103,5002,NutriPaws,DRY FOOD,34.99,34.99,0.0,0,4
2025-03-09,103,5003,PureChow,WET FOOD,12.49,12.49,0.0,0,5
2025-03-09,103,5010,AquaBites,WET FOOD,8.99,8.99,0.0,0,3
2025-03-10,101,5002,NutriPaws,DRY FOOD,34.99,34.99,0.0,0,4
2025-03-10,101,5003,PureChow,WET FOOD,12.49,12.49,0.0,0,4
2025-03-10,101,5035,VetFormula,SPECIALTY,62.99,62.99,0.0,0,9
2025-03-10,102,5001,PetFresh,DRY FOOD,29.99,29.99,0.0,0,4
2025-03-10,102,5002,NutriPaws,DRY FOOD,34.99,34.99,0.0,0,5
2025-03-10,102,5003,PureChow,WET FOOD,12.49,12.49,0.0,0,5
2025-03-10,102,5010,AquaBites,WET FOOD,8.99,8.99,0.0,0,9
2025-03-10,102,5031,SnackMaster,TREATS,7.49,7.49,0.0,0,2
2025-03-10,103,5001,PetFresh,DRY FOOD,29.99,25.46,4.53,1,6
2025-03-10,103,5002,NutriPaws,DRY FOOD,34.99,34.99,0.0,0,5
2025-03-10,103,5003,PureChow,WET FOOD,12.49,12.49,0.0,0,5
2025-03-10,103,5010,AquaBites,WET FOOD,8.99,8.99,0.0,0,21
2025-03-11,101,5002,NutriPaws,DRY FOOD,34.99,34.99,0.0,0,5
2025-03-11,101,5003,PureChow,WET FOOD,12.49,12.49,0.0,0,3
2025-03-11,101,5010,AquaBites,WET FOOD,8.99,8.99,0.0,0,10
2025-03-11,101,5021,HealthyTails,SUPPLEMENTS,22.99,22.99,0.0,0,2
2025-03-11,102,5001,PetFresh,DRY FOOD,29.99,29.99,0.0,0,3
2025-03-11,102,5002,NutriPaws,DRY FOOD,34.99,34.99,0.0,0,4
2025-03-11,102,5003,PureChow,WET FOOD,12.49,12.49,0.0,0,4
2025-03-11,102,5010,AquaBites,WET FOOD,8.99,8.99,0.0,0,5
2025-03-11,102,5021,HealthyTails,SUPPLEMENTS,22.99,22.99,0.0,0,1
2025-03-11,103,5001,PetFresh,DRY FOOD,29.99,29.99,0.0,0,4
2025-03-11,103,5002,NutriPaws,DRY FOOD,34.99,30.02,4.97,1,5
2025-03-11,103,5003,PureChow,WET FOOD,12.49,12.49,0.0,0,3
2025-03-12,101,5001,PetFresh,DRY FOOD,29.99,29.99,0.0,0,3
2025-03-12,101,5002,NutriPaws,DRY FOOD,34.99,34.99,0.0,0,3
2025-03-12,101,5003,PureChow,WET FOOD,12.49,12.49,0.0,0,6
2025-03-12,101,5010,AquaBites,WET FOOD,8.99,8.99,0.0,0,1
2025-03-12,102,5002,NutriPaws,DRY FOOD,34.99,29.19,5.8,1,4
2025-03-12,102,5003,PureChow,WET FOOD,12.49,12.49,0.0,0,5
2025-03-12,102,5010,AquaBites,WET FOOD,8.99,8.99,0.0,0,17
2025-03-12,102,5034,OrganicPet,RAW FOOD,39.99,39.99,0.0,0,2
2025-03-12,103,5001,PetFresh,DRY FOOD,29.99,29.99,0.0,0,4
2025-03-12,103,5003,PureChow,WET FOOD,12.49,12.49,0.0,0,6
2025-03-12,103,5010,AquaBites,WET FOOD,8.99,8.99,0.0,0,4
2025-03-13,101,5001,PetFresh,DRY FOOD,29.99,29.99,0.0,0,7
2025-03-13,101,5002,NutriPaws,DRY FOOD,34.99,34.99,0.0,0,6
2025-03-13,101,5003,PureChow,WET FOOD,12.49,12.49,0.0,0,5
2025-03-13,101,5010,AquaBites,WET FOOD,8.99,8.99,0.0,0,7
2025-03-13,102,5001,PetFresh,DRY FOOD,29.99,29.99,0.0,0,4
2025-03-13,102,5002,NutriPaws,DRY FOOD,34.99,34.99,0.0,0,5
2025-03-13,102,5003,PureChow,WET FOOD,12.49,12.49,0.0,0,6
2025-03-13,102,5010,AquaBites,WET FOOD,8.99,8.99,0.0,0,6
2025-03-13,103,5001,PetFresh,DRY FOOD,29.99,29.99,0.0,0,5
2025-03-13,103,5002,NutriPaws,DRY FOOD,34.99,34.99,0.0,0,3
2025-03-13,103,5010,AquaBites,WET FOOD,8.99,8.99,0.0,0,23
2025-03-13,103,5030,TreatKing,TREATS,5.99,5.5,0.49,1,1
2025-03-14,101,5001,PetFresh,DRY FOOD,29.99,25.11,4.88,1,5
2025-03-14,101,5002,NutriPaws,DRY FOOD,34.99,34.99,0.0,0,4
2025-03-14,101,5003,PureChow,WET FOOD,12.49,12.49,0.0,0,6
2025-03-14,101,5010,AquaBites,WET FOOD,8.99,7.23,1.76,1,3
2025-03-14,102,5001,PetFresh,DRY FOOD,29.99,29.99,0.0,0,5
2025-03-14,102,5003,PureChow,WET FOOD,12.49,12.49,0.0,0,6
2025-03-14,102,5010,AquaBites,WET FOOD,8.99,8.99,0.0,0,5
2025-03-14,103,5001,PetFresh,DRY FOOD,29.99,29.99,0.0,0,5
2025-03-14,103,5002,NutriPaws,DRY FOOD,34.99,34.99,0.0,0,3
2025-03-14,103,5003,PureChow,WET FOOD,12.49,12.49,0.0,0,4
2025-03-14,103,5010,AquaBites,WET FOOD,8.99,8.99,0.0,0,1
2025-03-15,101,5001,PetFresh,DRY FOOD,29.99,29.99,0.0,0,3
2025-03-15,101,5002,NutriPaws,DRY FOOD,34.99,34.99,0.0,0,3
2025-03-15,101,5003,PureChow,WET FOOD,12.49,12.49,0.0,0,4
2025-03-15,101,5010,AquaBites,WET FOOD,8.99,8.99,0.0,0,3
2025-03-15,101,5021,HealthyTails,SUPPLEMENTS,22.99,22.99,0.0,0,2
2025-03-15,102,5001,PetFresh,DRY FOOD,29.99,29.99,0.0,0,3
2025-03-15,102,5002,NutriPaws,DRY FOOD,34.99,34.99,0.0,0,3
2025-03-15,102,5003,PureChow,WET FOOD,12.49,12.49,0.0,0,3
2025-03-15,102,5010,AquaBites,WET FOOD,8.99,8.99,0.0,0,8
2025-03-15,103,5001,PetFresh,DRY FOOD,29.99,29.99,0.0,0,4
2025-03-15,103,5002,NutriPaws,DRY FOOD,34.99,34.99,0.0,0,4
2025-03-15,103,5003,PureChow,WET FOOD,12.49,12.49,0.0,0,6
2025-03-15,103,5010,AquaBites,WET FOOD,8.99,8.99,0.0,0,18
2025-03-15,103,5020,RawNature,RAW FOOD,45.99,45.99,0.0,0,1
2025-03-16,101,5001,PetFresh,DRY FOOD,29.99,29.99,0.0,0,4
2025-03-16,101,5002,NutriPaws,DRY FOOD,34.99,34.99,0.0,0,4
2025-03-16,101,5003,PureChow,WET FOOD,12.49,10.82,1.67,1,6
2025-03-16,101,5033,SpecialDiet,SPECIALTY,54.99,54.99,0.0,0,1
2025-03-16,102,5001,PetFresh,DRY FOOD,29.99,29.99,0.0,0,6
2025-03-16,102,5002,NutriPaws,DRY FOOD,34.99,34.99,0.0,0,5
2025-03-16,102,5003,PureChow,WET FOOD,12.49,12.49,0.0,0,6
2025-03-16,102,5010,AquaBites,WET FOOD,8.99,7.68,1.31,1,3
2025-03-16,103,5001,PetFresh,DRY FOOD,29.99,29.99,0.0,0,6
2025-03-16,103,5002,NutriPaws,DRY FOOD,34.99,34.99,0.0,0,4
2025-03-16,103,5003,PureChow,WET FOOD,12.49,12.49,0.0,0,3
2025-03-16,103,5010,AquaBites,WET FOOD,8.99,8.99,0.0,0,6
2025-03-17,101,5002,NutriPaws,DRY FOOD,34.99,34.99,0.0,0,6
2025-03-17,101,5010,AquaBites,WET FOOD,8.99,8.99,0.0,0,2
2025-03-17,101,5021,HealthyTails,SUPPLEMENTS,22.99,22.99,0.0,0,1
2025-03-17,102,5001,PetFresh,DRY FOOD,29.99,29.99,0.0,0,5
2025-03-17,102,5002,NutriPaws,DRY FOOD,34.99,34.99,0.0,0,4
2025-03-17,102,5003,PureChow,WET FOOD,12.49,12.49,0.0,0,5
2025-03-17,102,5010,AquaBites,WET FOOD,8.99,8.99,0.0,0,4
2025-03-17,102,5032,BulkBones,TREATS,3.99,3.99,0.0,0,8
2025-03-17,103,5001,PetFresh,DRY FOOD,29.99,29.99,0.0,0,5
2025-03-17,103,5003,PureChow,WET FOOD,12.49,12.49,0.0,0,5
2025-03-18,101,5001,PetFresh,DRY FOOD,29.99,29.99,0.0,0,3
2025-03-18,101,5010,AquaBites,WET FOOD,8.99,7.96,1.03,1,5
2025-03-18,102,5001,PetFresh,DRY FOOD,29.99,29.99,0.0,0,4
2025-03-18,102,5002,NutriPaws,DRY FOOD,34.99,34.99,0.0,0,3
2025-03-18,102,5003,PureChow,WET FOOD,12.49,12.49,0.0,0,1
2025-03-18,102,5010,AquaBites,WET FOOD,8.99,8.99,0.0,0,2
2025-03-18,103,5001,PetFresh,DRY FOOD,29.99,29.99,0.0,0,3
2025-03-18,103,5002,NutriPaws,DRY FOOD,34.99,34.99,0.0,0,5
2025-03-18,103,5003,PureChow,WET FOOD,12.49,12.49,0.0,0,3
2025-03-18,103,5010,AquaBites,WET FOOD,8.99,8.99,0.0,0,7
2025-03-19,101,5001,PetFresh,DRY FOOD,29.99,29.99,0.0,0,5
2025-03-19,101,5002,NutriPaws,DRY FOOD,34.99,34.99,0.0,0,4
2025-03-19,101,5003,PureChow,WET FOOD,12.49,12.49,0.0,0,3
2025-03-19,101,5010,AquaBites,WET FOOD,8.99,8.99,0.0,0,32
2025-03-19,102,5001,PetFresh,DRY FOOD,29.99,29.99,0.0,0,4
2025-03-19,102,5003,PureChow,WET FOOD,12.49,12.49,0.0,0,4
2025-03-19,102,5010,AquaBites,WET FOOD,8.99,8.99,0.0,0,1
2025-03-19,103,5001,PetFresh,DRY FOOD,29.99,29.99,0.0,0,3
2025-03-19,103,5003,PureChow,WET FOOD,12.49,12.49,0.0,0,4
2025-03-19,103,5010,AquaBites,WET FOOD,8.99,8.99,0.0,0,4
2025-03-19,103,5020,RawNature,RAW FOOD,45.99,45.99,0.0,0,1
2025-03-20,102,5001,PetFresh,DRY FOOD,29.99,29.99,0.0,0,4
2025-03-20,102,5002,NutriPaws,DRY FOOD,34.99,34.99,0.0,0,4
2025-03-20,102,5003,PureChow,WET FOOD,12.49,12.49,0.0,0,5
2025-03-20,102,5010,AquaBites,WET FOOD,8.99,8.99,0.0,0,5
2025-03-20,103,5001,PetFresh,DRY FOOD,29.99,26.09,3.9,1,4
2025-03-20,103,5002,NutriPaws,DRY FOOD,34.99,34.99,0.0,0,4
2025-03-20,103,5003,PureChow,WET FOOD,12.49,12.49,0.0,0,5
2025-03-21,101,5001,PetFresh,DRY FOOD,29.99,24.06,5.93,1,5
2025-03-21,101,5002,NutriPaws,DRY FOOD,34.99,34.99,0.0,0,3
2025-03-21,101,5003,PureChow,WET FOOD,12.49,11.72,0.77,1,3
2025-03-21,101,5010,AquaBites,WET FOOD,8.99,8.99,0.0,0,1
2025-03-21,102,5010,AquaBites,WET FOOD,8.99,8.99,0.0,0,7
2025-03-21,103,5001,PetFresh,DRY FOOD,29.99,29.99,0.0,0,5
2025-03-21,103,5002,NutriPaws,DRY FOOD,34.99,34.99,0.0,0,3
2025-03-21,103,5010,AquaBites,WET FOOD,8.99,8.99,0.0,0,5
2025-03-21,103,5021,HealthyTails,SUPPLEMENTS,22.99,22.99,0.0,0,1
2025-03-21,103,5031,SnackMaster,TREATS,7.49,7.49,0.0,0,27
2025-03-22,101,5001,PetFresh,DRY FOOD,29.99,29.99,0.0,0,5
2025-03-22,101,5002,NutriPaws,DRY FOOD,34.99,34.99,0.0,0,5
2025-03-22,101,5003,PureChow,WET FOOD,12.49,10.9,1.59,1,3
2025-03-22,101,5010,AquaBites,WET FOOD,8.99,8.99,0.0,0,11
2025-03-22,102,5001,PetFresh,DRY FOOD,29.99,29.99,0.0,0,5
2025-03-22,102,5002,NutriPaws,DRY FOOD,34.99,34.99,0.0,0,5
2025-03-22,102,5003,PureChow,WET FOOD,12.49,12.49,0.0,0,6
2025-03-22,102,5010,AquaBites,WET FOOD,8.99,8.99,0.0,0,8
2025-03-22,103,5001,PetFresh,DRY FOOD,29.99,29.99,0.0,0,3
2025-03-22,103,5002,NutriPaws,DRY FOOD,34.99,34.99,0.0,0,6
2025-03-22,103,5003,PureChow,WET FOOD,12.49,12.49,0.0,0,5
2025-03-22,103,5010,AquaBites,WET FOOD,8.99,8.99,0.0,0,2
2025-03-23,101,5001,PetFresh,DRY FOOD,29.99,29.99,0.0,0,4
2025-03-23,101,5002,NutriPaws,DRY FOOD,34.99,34.99,0.0,0,5
2025-03-23,101,5003,PureChow,WET FOOD,12.49,12.49,0.0,0,4
2025-03-23,101,5010,AquaBites,WET FOOD,8.99,8.99,0.0,0,6
2025-03-23,101,5032,BulkBones,TREATS,3.99,3.99,0.0,0,1
2025-03-23,101,5033,SpecialDiet,SPECIALTY,54.99,54.99,0.0,0,9
2025-03-23,102,5002,NutriPaws,DRY FOOD,34.99,34.99,0.0,0,4
2025-03-23,102,5003,PureChow,WET FOOD,12.49,12.49,0.0,0,5
2025-03-23,102,5010,AquaBites,WET FOOD,8.99,8.99,0.0,0,10
2025-03-23,103,5001,PetFresh,DRY FOOD,29.99,29.99,0.0,0,4
2025-03-23,103,5002,NutriPaws,DRY FOOD,34.99,34.99,0.0,0,4
2025-03-23,103,5003,PureChow,WET FOOD,12.49,12.49,0.0,0,3
2025-03-23,103,5010,AquaBites,WET FOOD,8.99,8.99,0.0,0,8
2025-03-24,101,5001,PetFresh,DRY FOOD,29.99,29.99,0.0,0,4
2025-03-24,101,5002,NutriPaws,DRY FOOD,34.99,34.99,0.0,0,6
2025-03-24,101,5003,PureChow,WET FOOD,12.49,12.49,0.0,0,6
2025-03-24,101,5010,AquaBites,WET FOOD,8.99,8.99,0.0,0,6
2025-03-24,101,5021,HealthyTails,SUPPLEMENTS,22.99,22.99,0.0,0,1
2025-03-24,101,5035,VetFormula,SPECIALTY,62.99,62.99,0.0,0,2
2025-03-24,102,5001,PetFresh,DRY FOOD,29.99,29.99,0.0,0,3
2025-03-24,102,5002,NutriPaws,DRY FOOD,34.99,34.99,0.0,0,3
2025-03-24,102,5003,PureChow,WET FOOD,12.49,12.49,0.0,0,5
2025-03-24,102,5010,AquaBites,WET FOOD,8.99,8.99,0.0,0,5
2025-03-24,102,5034,OrganicPet,RAW FOOD,39.99,39.99,0.0,0,1
2025-03-24,103,5001,PetFresh,DRY FOOD,29.99,29.99,0.0,0,4
2025-03-24,103,5002,NutriPaws,DRY FOOD,34.99,30.51,4.48,1,6
2025-03-24,103,5003,PureChow,WET FOOD,12.49,12.49,0.0,0,2
2025-03-24,103,5010,AquaBites,WET FOOD,8.99,8.99,0.0,0,1
2025-03-25,101,5001,PetFresh,DRY FOOD,29.99,29.99,0.0,0,5
2025-03-25,101,5002,NutriPaws,DRY FOOD,34.99,34.99,0.0,0,6
2025-03-25,101,5003,PureChow,WET FOOD,12.49,12.49,0.0,0,6
2025-03-25,101,5010,AquaBites,WET FOOD,8.99,8.99,0.0,0,13
2025-03-25,101,5033,SpecialDiet,SPECIALTY,54.99,48.07,6.92,1,1
2025-03-25,102,5001,PetFresh,DRY FOOD,29.99,29.99,0.0,0,3
2025-03-25,102,5002,NutriPaws,DRY FOOD,34.99,34.99,0.0,0,5
2025-03-25,102,5003,PureChow,WET FOOD,12.49,10.03,2.46,1,4
2025-03-25,102,5010,AquaBites,WET FOOD,8.99,8.99,0.0,0,32
2025-03-25,102,5020,RawNature,RAW FOOD,45.99,45.99,0.0,0,2
2025-03-25,102,5030,TreatKing,TREATS,5.99,5.99,0.0,0,13
2025-03-25,102,5034,OrganicPet,RAW FOOD,39.99,39.99,0.0,0,3
2025-03-25,103,5001,PetFresh,DRY FOOD,29.99,29.99,0.0,0,4
2025-03-25,103,5002,NutriPaws,DRY FOOD,34.99,34.99,0.0,0,7
2025-03-25,103,5003,PureChow,WET FOOD,12.49,12.49,0.0,0,4
2025-03-25,103,5010,AquaBites,WET FOOD,8.99,8.99,0.0,0,1
2025-03-26,101,5001,PetFresh,DRY FOOD,29.99,29.99,0.0,0,5
2025-03-26,101,5002,NutriPaws,DRY FOOD,34.99,34.99,0.0,0,4
2025-03-26,101,5003,PureChow,WET FOOD,12.49,11.76,0.73,1,5
2025-03-26,101,5010,AquaBites,WET FOOD,8.99,8.99,0.0,0,1
2025-03-26,102,5001,PetFresh,DRY FOOD,29.99,29.99,0.0,0,6
2025-03-26,102,5002,NutriPaws,DRY FOOD,34.99,34.99,0.0,0,4
2025-03-26,102,5010,AquaBites,WET FOOD,8.99,8.99,0.0,0,4
2025-03-26,103,5001,PetFresh,DRY FOOD,29.99,29.99,0.0,0,3
2025-03-26,103,5002,NutriPaws,DRY FOOD,34.99,30.75,4.24,1,3
2025-03-26,103,5003,PureChow,WET FOOD,12.49,12.49,0.0,0,4
2025-03-26,103,5010,AquaBites,WET FOOD,8.99,7.44,1.55,1,1
2025-03-27,101,5001,PetFresh,DRY FOOD,29.99,29.99,0.0,0,5
2025-03-27,101,5002,NutriPaws,DRY FOOD,34.99,34.99,0.0,0,3
2025-03-27,101,5003,PureChow,WET FOOD,12.49,12.49,0.0,0,6
2025-03-27,101,5010,AquaBites,WET FOOD,8.99,8.99,0.0,0,5
2025-03-27,101,5021,HealthyTails,SUPPLEMENTS,22.99,19.78,3.21,1,2
2025-03-27,102,5001,PetFresh,DRY FOOD,29.99,29.99,0.0,0,3
2025-03-27,102,5002,NutriPaws,DRY FOOD,34.99,32.1,2.89,1,3
2025-03-27,102,5003,PureChow,WET FOOD,12.49,12.49,0.0,0,3
2025-03-27,102,5010,AquaBites,WET FOOD,8.99,8.99,0.0,0,7
2025-03-27,103,5003,PureChow,WET FOOD,12.49,12.49,0.0,0,4
2025-03-28,101,5001,PetFresh,DRY FOOD,29.99,27.22,2.77,1,1
2025-03-28,101,5002,NutriPaws,DRY FOOD,34.99,34.99,0.0,0,3
2025-03-28,101,5003,PureChow,WET FOOD,12.49,12.49,0.0,0,3
2025-03-28,101,5010,AquaBites,WET FOOD,8.99,8.99,0.0,0,1
2025-03-28,102,5001,PetFresh,DRY FOOD,29.99,29.99,0.0,0,3
2025-03-28,102,5002,NutriPaws,DRY FOOD,34.99,34.99,0.0,0,6
2025-03-28,102,5003,PureChow,WET FOOD,12.49,12.49,0.0,0,3
2025-03-28,103,5001,PetFresh,DRY FOOD,29.99,26.25,3.74,1,5
2025-03-28,103,5002,NutriPaws,DRY FOOD,34.99,34.99,0.0,0,6
2025-03-28,103,5003,PureChow,WET FOOD,12.49,11.79,0.7,1,6
2025-03-28,103,5010,AquaBites,WET FOOD,8.99,8.99,0.0,0,3
2025-03-29,101,5001,PetFresh,DRY FOOD,29.99,29.99,0.0,0,4
2025-03-29,101,5002,NutriPaws,DRY FOOD,34.99,34.99,0.0,0,3
2025-03-29,101,5003,PureChow,WET FOOD,12.49,12.49,0.0,0,3
2025-03-29,101,5010,AquaBites,WET FOOD,8.99,8.99,0.0,0,6
2025-03-29,101,5021,HealthyTails,SUPPLEMENTS,22.99,22.99,0.0,0,2
2025-03-29,102,5001,PetFresh,DRY FOOD,29.99,29.99,0.0,0,6
2025-03-29,102,5002,NutriPaws,DRY FOOD,34.99,30.76,4.23,1,4
2025-03-29,102,5003,PureChow,WET FOOD,12.49,12.49,0.0,0,8
2025-03-29,102,5010,AquaBites,WET FOOD,8.99,7.86,1.13,1,2
2025-03-29,102,5033,SpecialDiet,SPECIALTY,54.99,54.99,0.0,0,1
2025-03-29,103,5001,PetFresh,DRY FOOD,29.99,29.99,0.0,0,6
2025-03-29,103,5002,NutriPaws,DRY FOOD,34.99,34.99,0.0,0,4
2025-03-29,103,5003,PureChow,WET FOOD,12.49,12.49,0.0,0,3
2025-03-29,103,5010,AquaBites,WET FOOD,8.99,8.99,0.0,0,1
2025-03-30,101,5001,PetFresh,DRY FOOD,29.99,29.99,0.0,0,4
2025-03-30,101,5002,NutriPaws,DRY FOOD,34.99,34.99,0.0,0,6
2025-03-30,101,5003,PureChow,WET FOOD,12.49,12.49,0.0,0,4
2025-03-30,101,5010,AquaBites,WET FOOD,8.99,8.99,0.0,0,3
2025-03-30,101,5031,SnackMaster,TREATS,7.49,7.49,0.0,0,13
2025-03-30,101,5035,VetFormula,SPECIALTY,62.99,62.99,0.0,0,12
2025-03-30,102,5002,NutriPaws,DRY FOOD,34.99,34.99,0.0,0,6
2025-03-30,102,5003,PureChow,WET FOOD,12.49,10.64,1.85,1,4
2025-03-30,102,5010,AquaBites,WET FOOD,8.99,8.99,0.0,0,9
2025-03-30,103,5001,PetFresh,DRY FOOD,29.99,28.05,1.94,1,5
2025-03-30,103,5002,NutriPaws,DRY FOOD,34.99,34.99,0.0,0,4
2025-03-30,103,5003,PureChow,WET FOOD,12.49,11.69,0.8,1,5
2025-03-31,101,5001,PetFresh,DRY FOOD,29.99,29.99,0.0,0,6
2025-03-31,101,5002,NutriPaws,DRY FOOD,34.99,34.99,0.0,0,4
2025-03-31,101,5003,PureChow,WET FOOD,12.49,12.49,0.0,0,2
2025-03-31,102,5001,PetFresh,DRY FOOD,29.99,29.99,0.0,0,5
2025-03-31,102,5002,NutriPaws,DRY FOOD,34.99,34.99,0.0,0,5
2025-03-31,102,5003,PureChow,WET FOOD,12.49,12.49,0.0,0,4
2025-03-31,102,5010,AquaBites,WET FOOD,8.99,8.99,0.0,0,1
2025-03-31,103,5001,PetFresh,DRY FOOD,29.99,29.99,0.0,0,4
2025-03-31,103,5002,NutriPaws,DRY FOOD,34.99,34.99,0.0,0,6
2025-03-31,103,5010,AquaBites,WET FOOD,8.99,8.99,0.0,0,2
2025-04-01,101,5001,PetFresh,DRY FOOD,29.99,29.99,0.0,0,4
2025-04-01,101,5002,NutriPaws,DRY FOOD,34.99,34.99,0.0,0,4
2025-04-01,101,5003,PureChow,WET FOOD,12.49,12.49,0.0,0,6
2025-04-01,101,5010,AquaBites,WET FOOD,8.99,8.99,0.0,0,6
2025-04-01,102,5001,PetFresh,DRY FOOD,29.99,29.99,0.0,0,4
2025-04-01,102,5002,NutriPaws,DRY FOOD,34.99,34.99,0.0,0,4
2025-04-01,102,5003,PureChow,WET FOOD,12.49,10.68,1.81,1,2
2025-04-01,102,5010,AquaBites,WET FOOD,8.99,8.99,0.0,0,1
2025-04-01,103,5001,PetFresh,DRY FOOD,29.99,24.95,5.04,1,5
2025-04-01,103,5002,NutriPaws,DRY FOOD,34.99,29.0,5.99,1,4
2025-04-01,103,5003,PureChow,WET FOOD,12.49,12.49,0.0,0,3
2025-04-01,103,5010,AquaBites,WET FOOD,8.99,8.99,0.0,0,5
2025-04-01,103,5020,RawNature,RAW FOOD,45.99,45.99,0.0,0,1
2025-04-01,103,5021,HealthyTails,SUPPLEMENTS,22.99,22.99,0.0,0,1
2025-04-01,103,5031,SnackMaster,TREATS,7.49,7.49,0.0,0,5
2025-04-02,101,5001,PetFresh,DRY FOOD,29.99,29.99,0.0,0,5
2025-04-02,101,5002,NutriPaws,DRY FOOD,34.99,32.18,2.81,1,3
2025-04-02,101,5003,PureChow,WET FOOD,12.49,12.49,0.0,0,4
2025-04-02,101,5010,AquaBites,WET FOOD,8.99,8.99,0.0,0,3
2025-04-02,101,5033,SpecialDiet,SPECIALTY,54.99,49.98,5.01,1,1
2025-04-02,102,5001,PetFresh,DRY FOOD,29.99,29.99,0.0,0,5
2025-04-02,102,5002,NutriPaws,DRY FOOD,34.99,34.99,0.0,0,5
2025-04-02,102,5003,PureChow,WET FOOD,12.49,12.49,0.0,0,4
2025-04-02,102,5010,AquaBites,WET FOOD,8.99,8.99,0.0,0,1
2025-04-02,103,5001,PetFresh,DRY FOOD,29.99,29.99,0.0,0,5
2025-04-02,103,5002,NutriPaws,DRY FOOD,34.99,34.99,0.0,0,5
2025-04-02,103,5003,PureChow,WET FOOD,12.49,12.49,0.0,0,6
2025-04-02,103,5010,AquaBites,WET FOOD,8.99,8.99,0.0,0,11
2025-04-03,101,5001,PetFresh,DRY FOOD,29.99,29.99,0.0,0,3
2025-04-03,101,5002,NutriPaws,DRY FOOD,34.99,32.46,2.53,1,5
2025-04-03,101,5003,PureChow,WET FOOD,12.49,12.49,0.0,0,6
2025-04-03,101,5020,RawNature,RAW FOOD,45.99,45.99,0.0,0,1
2025-04-03,101,5033,SpecialDiet,SPECIALTY,54.99,54.99,0.0,0,6
2025-04-03,102,5001,PetFresh,DRY FOOD,29.99,24.46,5.53,1,4
2025-04-03,102,5002,NutriPaws,DRY FOOD,34.99,34.99,0.0,0,4
2025-04-03,102,5003,PureChow,WET FOOD,12.49,12.49,0.0,0,4
2025-04-03,102,5010,AquaBites,WET FOOD,8.99,7.55,1.44,1,2
2025-04-03,103,5001,PetFresh,DRY FOOD,29.99,29.99,0.0,0,4
2025-04-03,103,5002,NutriPaws,DRY FOOD,34.99,34.99,0.0,0,5
2025-04-03,103,5003,PureChow,WET FOOD,12.49,11.61,0.88,1,6
2025-04-04,101,5001,PetFresh,DRY FOOD,29.99,29.99,0.0,0,6
2025-04-04,101,5002,NutriPaws,DRY FOOD,34.99,34.99,0.0,0,7
2025-04-04,101,5010,AquaBites,WET FOOD,8.99,8.99,0.0,0,12
2025-04-04,102,5001,PetFresh,DRY FOOD,29.99,24.08,5.91,1,6
2025-04-04,102,5002,NutriPaws,DRY FOOD,34.99,30.45,4.54,1,2
2025-04-04,102,5003,PureChow,WET FOOD,12.49,12.49,0.0,0,5
2025-04-04,102,5031,SnackMaster,TREATS,7.49,7.49,0.0,0,6
2025-04-04,103,5001,PetFresh,DRY FOOD,29.99,29.99,0.0,0,4
2025-04-04,103,5002,NutriPaws,DRY FOOD,34.99,30.85,4.14,1,6
2025-04-04,103,5003,PureChow,WET FOOD,12.49,12.49,0.0,0,5
2025-04-04,103,5010,AquaBites,WET FOOD,8.99,8.99,0.0,0,4
2025-04-04,103,5021,HealthyTails,SUPPLEMENTS,22.99,22.99,0.0,0,1
2025-04-05,101,5001,PetFresh,DRY FOOD,29.99,29.99,0.0,0,4
2025-04-05,101,5002,NutriPaws,DRY FOOD,34.99,34.99,0.0,0,6
2025-04-05,101,5003,PureChow,WET FOOD,12.49,11.15,1.34,1,4
2025-04-05,101,5010,AquaBites,WET FOOD,8.99,8.99,0.0,0,1
2025-04-05,102,5001,PetFresh,DRY FOOD,29.99,29.99,0.0,0,5
2025-04-05,102,5002,NutriPaws,DRY FOOD,34.99,34.99,0.0,0,2
2025-04-05,102,5003,PureChow,WET FOOD,12.49,12.49,0.0,0,6
2025-04-05,102,5010,AquaBites,WET FOOD,8.99,8.99,0.0,0,3
2025-04-05,103,5001,PetFresh,DRY FOOD,29.99,29.99,0.0,0,4
2025-04-05,103,5003,PureChow,WET FOOD,12.49,11.13,1.36,1,5
2025-04-05,103,5010,AquaBites,WET FOOD,8.99,8.32,0.67,1,21
2025-04-05,103,5033,SpecialDiet,SPECIALTY,54.99,54.99,0.0,0,2
2025-04-06,101,5001,PetFresh,DRY FOOD,29.99,29.99,0.0,0,7
2025-04-06,101,5002,NutriPaws,DRY FOOD,34.99,34.99,0.0,0,5
2025-04-06,101,5003,PureChow,WET FOOD,12.49,12.49,0.0,0,5
2025-04-06,101,5010,AquaBites,WET FOOD,8.99,8.99,0.0,0,5
2025-04-06,102,5001,PetFresh,DRY FOOD,29.99,29.99,0.0,0,5
2025-04-06,102,5002,NutriPaws,DRY FOOD,34.99,34.99,0.0,0,4
2025-04-06,102,5003,PureChow,WET FOOD,12.49,12.49,0.0,0,4
2025-04-06,102,5010,AquaBites,WET FOOD,8.99,8.99,0.0,0,5
2025-04-06,103,5001,PetFresh,DRY FOOD,29.99,29.99,0.0,0,7
2025-04-06,103,5002,NutriPaws,DRY FOOD,34.99,34.99,0.0,0,4
2025-04-06,103,5003,PureChow,WET FOOD,12.49,12.49,0.0,0,3
2025-04-06,103,5030,TreatKing,TREATS,5.99,5.99,0.0,0,13
2025-04-07,101,5001,PetFresh,DRY FOOD,29.99,29.99,0.0,0,4
2025-04-07,101,5003,PureChow,WET FOOD,12.49,12.49,0.0,0,4
2025-04-07,101,5010,AquaBites,WET FOOD,8.99,8.99,0.0,0,10
2025-04-07,101,5032,BulkBones,TREATS,3.99,3.78,0.21,1,5
2025-04-07,102,5001,PetFresh,DRY FOOD,29.99,29.99,0.0,0,4
2025-04-07,102,5002,NutriPaws,DRY FOOD,34.99,34.99,0.0,0,4
2025-04-07,102,5003,PureChow,WET FOOD,12.49,12.49,0.0,0,7
2025-04-07,103,5001,PetFresh,DRY FOOD,29.99,29.99,0.0,0,6
2025-04-07,103,5002,NutriPaws,DRY FOOD,34.99,34.99,0.0,0,6
2025-04-07,103,5003,PureChow,WET FOOD,12.49,12.49,0.0,0,5
2025-04-07,103,5010,AquaBites,WET FOOD,8.99,8.99,0.0,0,14
2025-04-08,101,5001,PetFresh,DRY FOOD,29.99,29.99,0.0,0,5
2025-04-08,101,5002,NutriPaws,DRY FOOD,34.99,34.99,0.0,0,5
2025-04-08,101,5010,AquaBites,WET FOOD,8.99,7.68,1.31,1,3
2025-04-08,102,5001,PetFresh,DRY FOOD,29.99,29.99,0.0,0,5
2025-04-08,102,5002,NutriPaws,DRY FOOD,34.99,34.99,0.0,0,4
2025-04-08,102,5003,PureChow,WET FOOD,12.49,12.49,0.0,0,5
2025-04-08,102,5010,AquaBites,WET FOOD,8.99,8.99,0.0,0,6
2025-04-08,102,5033,SpecialDiet,SPECIALTY,54.99,54.99,0.0,0,7
2025-04-08,103,5001,PetFresh,DRY FOOD,29.99,29.99,0.0,0,4
2025-04-08,103,5002,NutriPaws,DRY FOOD,34.99,34.99,0.0,0,4
2025-04-08,103,5003,PureChow,WET FOOD,12.49,12.49,0.0,0,6
2025-04-08,103,5010,AquaBites,WET FOOD,8.99,8.99,0.0,0,1
2025-04-09,101,5002,NutriPaws,DRY FOOD,34.99,32.22,2.77,1,4
2025-04-09,101,5003,PureChow,WET FOOD,12.49,12.49,0.0,0,6
2025-04-09,101,5010,AquaBites,WET FOOD,8.99,8.99,0.0,0,1
2025-04-09,102,5001,PetFresh,DRY FOOD,29.99,29.99,0.0,0,5
2025-04-09,102,5002,NutriPaws,DRY FOOD,34.99,34.99,0.0,0,5
2025-04-09,102,5003,PureChow,WET FOOD,12.49,12.49,0.0,0,5
2025-04-09,102,5010,AquaBites,WET FOOD,8.99,8.99,0.0,0,5
2025-04-09,103,5001,PetFresh,DRY FOOD,29.99,26.92,3.07,1,6
2025-04-09,103,5002,NutriPaws,DRY FOOD,34.99,34.99,0.0,0,5
2025-04-09,103,5003,PureChow,WET FOOD,12.49,12.49,0.0,0,5
2025-04-09,103,5010,AquaBites,WET FOOD,8.99,8.99,0.0,0,2
2025-04-10,101,5001,PetFresh,DRY FOOD,29.99,29.99,0.0,0,5
2025-04-10,101,5002,NutriPaws,DRY FOOD,34.99,34.99,0.0,0,5
2025-04-10,101,5003,PureChow,WET FOOD,12.49,12.49,0.0,0,4
2025-04-10,101,5020,RawNature,RAW FOOD,45.99,45.99,0.0,0,1
2025-04-10,102,5001,PetFresh,DRY FOOD,29.99,29.99,0.0,0,3
2025-04-10,102,5010,AquaBites,WET FOOD,8.99,8.99,0.0,0,1
2025-04-10,102,5033,SpecialDiet,SPECIALTY,54.99,54.99,0.0,0,1
2025-04-10,103,5001,PetFresh,DRY FOOD,29.99,29.99,0.0,0,5
2025-04-10,103,5002,NutriPaws,DRY FOOD,34.99,34.99,0.0,0,4
2025-04-10,103,5003,PureChow,WET FOOD,12.49,12.49,0.0,0,3
2025-04-10,103,5010,AquaBites,WET FOOD,8.99,8.99,0.0,0,2
2025-04-11,101,5001,PetFresh,DRY FOOD,29.99,29.99,0.0,0,4
2025-04-11,101,5002,NutriPaws,DRY FOOD,34.99,34.99,0.0,0,4
2025-04-11,101,5003,PureChow,WET FOOD,12.49,12.49,0.0,0,5
2025-04-11,102,5001,PetFresh,DRY FOOD,29.99,29.99,0.0,0,6
2025-04-11,102,5002,NutriPaws,DRY FOOD,34.99,34.99,0.0,0,8
2025-04-11,102,5003,PureChow,WET FOOD,12.49,12.49,0.0,0,5
2025-04-11,102,5010,AquaBites,WET FOOD,8.99,8.99,0.0,0,1
2025-04-11,102,5021,HealthyTails,SUPPLEMENTS,22.99,22.99,0.0,0,1
2025-04-11,103,5001,PetFresh,DRY FOOD,29.99,29.99,0.0,0,5
2025-04-11,103,5002,NutriPaws,DRY FOOD,34.99,34.99,0.0,0,5
2025-04-11,103,5003,PureChow,WET FOOD,12.49,12.49,0.0,0,3
2025-04-11,103,5010,AquaBites,WET FOOD,8.99,8.99,0.0,0,4
2025-04-12,101,5001,PetFresh,DRY FOOD,29.99,29.99,0.0,0,3
2025-04-12,101,5002,NutriPaws,DRY FOOD,34.99,34.99,0.0,0,2
2025-04-12,101,5003,PureChow,WET FOOD,12.49,12.49,0.0,0,5
2025-04-12,101,5010,AquaBites,WET FOOD,8.99,8.99,0.0,0,10
2025-04-12,101,5035,VetFormula,SPECIALTY,62.99,62.99,0.0,0,2
2025-04-12,102,5001,PetFresh,DRY FOOD,29.99,29.99,0.0,0,5
2025-04-12,102,5002,NutriPaws,DRY FOOD,34.99,34.99,0.0,0,4
2025-04-12,102,5003,PureChow,WET FOOD,12.49,12.49,0.0,0,5
2025-04-12,102,5010,AquaBites,WET FOOD,8.99,8.99,0.0,0,4
2025-04-12,103,5001,PetFresh,DRY FOOD,29.99,29.99,0.0,0,3
2025-04-12,103,5003,PureChow,WET FOOD,12.49,12.49,0.0,0,4
2025-04-12,103,5021,HealthyTails,SUPPLEMENTS,22.99,22.99,0.0,0,1
2025-04-13,101,5001,PetFresh,DRY FOOD,29.99,27.39,2.6,1,6
2025-04-13,101,5002,NutriPaws,DRY FOOD,34.99,34.99,0.0,0,4
2025-04-13,101,5003,PureChow,WET FOOD,12.49,11.55,0.94,1,4
2025-04-13,101,5010,AquaBites,WET FOOD,8.99,8.99,0.0,0,1
2025-04-13,101,5031,SnackMaster,TREATS,7.49,6.76,0.73,1,3
2025-04-13,102,5001,PetFresh,DRY FOOD,29.99,29.99,0.0,0,2
2025-04-13,102,5002,NutriPaws,DRY FOOD,34.99,34.99,0.0,0,5
2025-04-13,102,5003,PureChow,WET FOOD,12.49,12.49,0.0,0,3
2025-04-13,102,5010,AquaBites,WET FOOD,8.99,8.99,0.0,0,6
2025-04-13,102,5020,RawNature,RAW FOOD,45.99,45.99,0.0,0,1
2025-04-13,102,5021,HealthyTails,SUPPLEMENTS,22.99,22.99,0.0,0,2
2025-04-13,103,5001,PetFresh,DRY FOOD,29.99,29.99,0.0,0,3
2025-04-13,103,5002,NutriPaws,DRY FOOD,34.99,34.99,0.0,0,4
2025-04-13,103,5003,PureChow,WET FOOD,12.49,12.49,0.0,0,4
2025-04-13,103,5010,AquaBites,WET FOOD,8.99,8.99,0.0,0,1
2025-04-14,101,5001,PetFresh,DRY FOOD,29.99,29.99,0.0,0,6
2025-04-14,101,5002,NutriPaws,DRY FOOD,34.99,34.99,0.0,0,3
2025-04-14,101,5021,HealthyTails,SUPPLEMENTS,22.99,22.99,0.0,0,1
2025-04-14,102,5001,PetFresh,DRY FOOD,29.99,27.57,2.42,1,3
2025-04-14,102,5002,NutriPaws,DRY FOOD,34.99,34.99,0.0,0,5
2025-04-14,102,5003,PureChow,WET FOOD,12.49,12.49,0.0,0,3
2025-04-14,102,5010,AquaBites,WET FOOD,8.99,8.99,0.0,0,1
2025-04-14,102,5033,SpecialDiet,SPECIALTY,54.99,54.99,0.0,0,1
2025-04-14,103,5001,PetFresh,DRY FOOD,29.99,29.99,0.0,0,6
2025-04-14,103,5002,NutriPaws,DRY FOOD,34.99,28.73,6.26,1,7
2025-04-14,103,5003,PureChow,WET FOOD,12.49,12.49,0.0,0,3
2025-04-14,103,5010,AquaBites,WET FOOD,8.99,8.99,0.0,0,3
2025-04-15,101,5001,PetFresh,DRY FOOD,29.99,29.99,0.0,0,3
2025-04-15,101,5003,PureChow,WET FOOD,12.49,12.49,0.0,0,5
2025-04-15,102,5002,NutriPaws,DRY FOOD,34.99,34.99,0.0,0,4
2025-04-15,102,5003,PureChow,WET FOOD,12.49,12.49,0.0,0,3
2025-04-15,102,5010,AquaBites,WET FOOD,8.99,8.99,0.0,0,3
2025-04-15,102,5034,OrganicPet,RAW FOOD,39.99,39.99,0.0,0,17
2025-04-15,103,5001,PetFresh,DRY FOOD,29.99,29.99,0.0,0,5
2025-04-15,103,5002,NutriPaws,DRY FOOD,34.99,34.99,0.0,0,5
2025-04-15,103,5003,PureChow,WET FOOD,12.49,12.49,0.0,0,4
2025-04-15,103,5010,AquaBites,WET FOOD,8.99,8.99,0.0,0,11
2025-04-16,101,5001,PetFresh,DRY FOOD,29.99,29.99,0.0,0,5
2025-04-16,101,5003,PureChow,WET FOOD,12.49,12.49,0.0,0,5
2025-04-16,101,5010,AquaBites,WET FOOD,8.99,7.37,1.62,1,3
2025-04-16,102,5001,PetFresh,DRY FOOD,29.99,29.99,0.0,0,4
2025-04-16,102,5002,NutriPaws,DRY FOOD,34.99,34.99,0.0,0,3
2025-04-16,102,5003,PureChow,WET FOOD,12.49,10.66,1.83,1,4
2025-04-16,102,5010,AquaBites,WET FOOD,8.99,8.99,0.0,0,10
2025-04-16,103,5001,PetFresh,DRY FOOD,29.99,29.99,0.0,0,5
2025-04-16,103,5002,NutriPaws,DRY FOOD,34.99,34.99,0.0,0,5
2025-04-16,103,5003,PureChow,WET FOOD,12.49,12.49,0.0,0,3
2025-04-16,103,5010,AquaBites,WET FOOD,8.99,8.99,0.0,0,11
2025-04-17,101,5002,NutriPaws,DRY FOOD,34.99,34.99,0.0,0,3
2025-04-17,101,5003,PureChow,WET FOOD,12.49,12.49,0.0,0,3
2025-04-17,101,5010,AquaBites,WET FOOD,8.99,8.99,0.0,0,3
2025-04-17,102,5001,PetFresh,DRY FOOD,29.99,29.99,0.0,0,4
2025-04-17,102,5002,NutriPaws,DRY FOOD,34.99,34.99,0.0,0,4
2025-04-17,102,5003,PureChow,WET FOOD,12.49,12.49,0.0,0,4
2025-04-17,103,5001,PetFresh,DRY FOOD,29.99,29.99,0.0,0,6
2025-04-17,103,5003,PureChow,WET FOOD,12.49,11.62,0.87,1,4
2025-04-17,103,5010,AquaBites,WET FOOD,8.99,8.99,0.0,0,7
2025-04-18,101,5030,TreatKing,TREATS,5.99,5.99,0.0,0,1
2025-04-18,102,5001,PetFresh,DRY FOOD,29.99,29.99,0.0,0,3
2025-04-18,102,5002,NutriPaws,DRY FOOD,34.99,34.99,0.0,0,7
2025-04-18,102,5003,PureChow,WET FOOD,12.49,12.49,0.0,0,3
2025-04-18,102,5010,AquaBites,WET FOOD,8.99,8.37,0.62,1,1
2025-04-18,103,5001,PetFresh,DRY FOOD,29.99,29.99,0.0,0,4
2025-04-18,103,5003,PureChow,WET FOOD,12.49,12.49,0.0,0,7
2025-04-18,103,5033,SpecialDiet,SPECIALTY,54.99,54.99,0.0,0,1
2025-04-19,101,5002,NutriPaws,DRY FOOD,34.99,34.99,0.0,0,3
2025-04-19,101,5003,PureChow,WET FOOD,12.49,12.49,0.0,0,6
2025-04-19,102,5001,PetFresh,DRY FOOD,29.99,29.99,0.0,0,2
2025-04-19,102,5002,NutriPaws,DRY FOOD,34.99,34.99,0.0,0,3
2025-04-19,102,5003,PureChow,WET FOOD,12.49,12.49,0.0,0,5
2025-04-19,102,5010,AquaBites,WET FOOD,8.99,8.99,0.0,0,7
2025-04-19,103,5001,PetFresh,DRY FOOD,29.99,29.99,0.0,0,3
2025-04-19,103,5002,NutriPaws,DRY FOOD,34.99,34.99,0.0,0,8
2025-04-19,103,5010,AquaBites,WET FOOD,8.99,8.99,0.0,0,8
2025-04-19,103,5031,SnackMaster,TREATS,7.49,7.49,0.0,0,5
2025-04-20,101,5001,PetFresh,DRY FOOD,29.99,29.99,0.0,0,5
2025-04-20,101,5003,PureChow,WET FOOD,12.49,12.49,0.0,0,6
2025-04-20,101,5010,AquaBites,WET FOOD,8.99,8.99,0.0,0,2
2025-04-20,102,5001,PetFresh,DRY FOOD,29.99,29.99,0.0,0,6
2025-04-20,102,5002,NutriPaws,DRY FOOD,34.99,34.99,0.0,0,2
2025-04-20,102,5003,PureChow,WET FOOD,12.49,12.49,0.0,0,5
2025-04-20,102,5010,AquaBites,WET FOOD,8.99,8.99,0.0,0,11
2025-04-20,102,5030,TreatKing,TREATS,5.99,5.99,0.0,0,2
2025-04-20,103,5001,PetFresh,DRY FOOD,29.99,29.99,0.0,0,4
2025-04-20,103,5002,NutriPaws,DRY FOOD,34.99,34.99,0.0,0,6
2025-04-20,103,5003,PureChow,WET FOOD,12.49,12.49,0.0,0,6
2025-04-20,103,5010,AquaBites,WET FOOD,8.99,8.48,0.51,1,1
2025-04-21,101,5001,PetFresh,DRY FOOD,29.99,25.51,4.48,1,3
2025-04-21,101,5002,NutriPaws,DRY FOOD,34.99,28.64,6.35,1,5
2025-04-21,101,5003,PureChow,WET FOOD,12.49,12.49,0.0,0,6
2025-04-21,101,5010,AquaBites,WET FOOD,8.99,8.99,0.0,0,7
2025-04-21,102,5001,PetFresh,DRY FOOD,29.99,27.72,2.27,1,4
2025-04-21,102,5002,NutriPaws,DRY FOOD,34.99,34.99,0.0,0,4
2025-04-21,102,5003,PureChow,WET FOOD,12.49,12.49,0.0,0,6
2025-04-21,102,5010,AquaBites,WET FOOD,8.99,8.99,0.0,0,24
2025-04-21,102,5033,SpecialDiet,SPECIALTY,54.99,44.24,10.75,1,1
2025-04-21,103,5001,PetFresh,DRY FOOD,29.99,29.99,0.0,0,4
2025-04-21,103,5002,NutriPaws,DRY FOOD,34.99,34.99,0.0,0,3
2025-04-21,103,5003,PureChow,WET FOOD,12.49,12.49,0.0,0,3
2025-04-21,103,5010,AquaBites,WET FOOD,8.99,8.99,0.0,0,1
2025-04-22,101,5001,PetFresh,DRY FOOD,29.99,29.99,0.0,0,5
2025-04-22,101,5002,NutriPaws,DRY FOOD,34.99,34.99,0.0,0,5
2025-04-22,101,5003,PureChow,WET FOOD,12.49,12.49,0.0,0,4
2025-04-22,101,5010,AquaBites,WET FOOD,8.99,8.99,0.0,0,4
2025-04-22,102,5001,PetFresh,DRY FOOD,29.99,24.47,5.52,1,3
2025-04-22,102,5002,NutriPaws,DRY FOOD,34.99,34.99,0.0,0,3
2025-04-22,102,5003,PureChow,WET FOOD,12.49,12.49,0.0,0,5
2025-04-22,102,5010,AquaBites,WET FOOD,8.99,8.99,0.0,0,2
2025-04-22,103,5001,PetFresh,DRY FOOD,29.99,29.99,0.0,0,4
2025-04-22,103,5002,NutriPaws,DRY FOOD,34.99,34.99,0.0,0,6
2025-04-22,103,5003,PureChow,WET FOOD,12.49,12.49,0.0,0,5
2025-04-22,103,5010,AquaBites,WET FOOD,8.99,8.99,0.0,0,2
2025-04-23,101,5001,PetFresh,DRY FOOD,29.99,28.41,1.58,1,2
2025-04-23,101,5002,NutriPaws,DRY FOOD,34.99,34.99,0.0,0,4
2025-04-23,101,5003,PureChow,WET FOOD,12.49,11.75,0.74,1,5
2025-04-23,101,5010,AquaBites,WET FOOD,8.99,8.99,0.0,0,6
2025-04-23,101,5032,BulkBones,TREATS,3.99,3.99,0.0,0,10
2025-04-23,102,5001,PetFresh,DRY FOOD,29.99,29.99,0.0,0,4
2025-04-23,102,5002,NutriPaws,DRY FOOD,34.99,34.99,0.0,0,2
2025-04-23,102,5003,PureChow,WET FOOD,12.49,12.49,0.0,0,6
2025-04-23,102,5021,HealthyTails,SUPPLEMENTS,22.99,22.99,0.0,0,1
2025-04-23,103,5001,PetFresh,DRY FOOD,29.99,29.99,0.0,0,6
2025-04-23,103,5002,NutriPaws,DRY FOOD,34.99,34.99,0.0,0,3
2025-04-23,103,5003,PureChow,WET FOOD,12.49,12.49,0.0,0,6
2025-04-23,103,5010,AquaBites,WET FOOD,8.99,8.99,0.0,0,1
2025-04-24,101,5001,PetFresh,DRY FOOD,29.99,29.99,0.0,0,2
2025-04-24,101,5002,NutriPaws,DRY FOOD,34.99,34.99,0.0,0,4
2025-04-24,101,5003,PureChow,WET FOOD,12.49,12.49,0.0,0,6
2025-04-24,102,5001,PetFresh,DRY FOOD,29.99,29.99,0.0,0,4
2025-04-24,102,5002,NutriPaws,DRY FOOD,34.99,34.99,0.0,0,5
2025-04-24,103,5001,PetFresh,DRY FOOD,29.99,29.99,0.0,0,4
2025-04-24,103,5002,NutriPaws,DRY FOOD,34.99,34.99,0.0,0,6
2025-04-24,103,5003,PureChow,WET FOOD,12.49,12.49,0.0,0,4
2025-04-25,101,5001,PetFresh,DRY FOOD,29.99,29.99,0.0,0,3
2025-04-25,101,5002,NutriPaws,DRY FOOD,34.99,34.99,0.0,0,4
2025-04-25,101,5003,PureChow,WET FOOD,12.49,12.49,0.0,0,5
2025-04-25,101,5010,AquaBites,WET FOOD,8.99,7.34,1.65,1,6
2025-04-25,102,5001,PetFresh,DRY FOOD,29.99,29.99,0.0,0,6
2025-04-25,102,5002,NutriPaws,DRY FOOD,34.99,34.99,0.0,0,5
2025-04-25,102,5003,PureChow,WET FOOD,12.49,11.23,1.26,1,2
2025-04-25,102,5010,AquaBites,WET FOOD,8.99,8.99,0.0,0,9
2025-04-25,103,5001,PetFresh,DRY FOOD,29.99,29.99,0.0,0,5
2025-04-25,103,5002,NutriPaws,DRY FOOD,34.99,34.99,0.0,0,5
2025-04-25,103,5003,PureChow,WET FOOD,12.49,12.49,0.0,0,5
2025-04-25,103,5010,AquaBites,WET FOOD,8.99,7.97,1.02,1,3
2025-04-26,101,5001,PetFresh,DRY FOOD,29.99,29.99,0.0,0,3
2025-04-26,101,5003,PureChow,WET FOOD,12.49,12.49,0.0,0,6
2025-04-26,101,5010,AquaBites,WET FOOD,8.99,8.99,0.0,0,4
2025-04-26,101,5034,OrganicPet,RAW FOOD,39.99,39.99,0.0,0,1
2025-04-26,102,5001,PetFresh,DRY FOOD,29.99,29.99,0.0,0,4
2025-04-26,102,5002,NutriPaws,DRY FOOD,34.99,34.99,0.0,0,4
2025-04-26,102,5003,PureChow,WET FOOD,12.49,12.49,0.0,0,5
2025-04-26,102,5010,AquaBites,WET FOOD,8.99,8.35,0.64,1,2
2025-04-26,102,5035,VetFormula,SPECIALTY,62.99,59.42,3.57,1,3
2025-04-26,103,5001,PetFresh,DRY FOOD,29.99,29.99,0.0,0,4
2025-04-26,103,5002,NutriPaws,DRY FOOD,34.99,34.99,0.0,0,6
2025-04-26,103,5003,PureChow,WET FOOD,12.49,12.49,0.0,0,5
2025-04-26,103,5010,AquaBites,WET FOOD,8.99,8.99,0.0,0,7
2025-04-26,103,5035,VetFormula,SPECIALTY,62.99,62.99,0.0,0,5
2025-04-27,101,5001,PetFresh,DRY FOOD,29.99,27.75,2.24,1,5
2025-04-27,101,5002,NutriPaws,DRY FOOD,34.99,34.99,0.0,0,3
2025-04-27,101,5003,PureChow,WET FOOD,12.49,12.49,0.0,0,3
2025-04-27,101,5010,AquaBites,WET FOOD,8.99,8.99,0.0,0,20
2025-04-27,101,5033,SpecialDiet,SPECIALTY,54.99,54.99,0.0,0,5
2025-04-27,102,5001,PetFresh,DRY FOOD,29.99,29.99,0.0,0,6
2025-04-27,102,5002,NutriPaws,DRY FOOD,34.99,34.99,0.0,0,2
2025-04-27,102,5003,PureChow,WET FOOD,12.49,12.49,0.0,0,3
2025-04-27,102,5010,AquaBites,WET FOOD,8.99,7.83,1.16,1,1
2025-04-27,103,5002,NutriPaws,DRY FOOD,34.99,28.2,6.79,1,4
2025-04-27,103,5003,PureChow,WET FOOD,12.49,11.6,0.89,1,4
2025-04-28,101,5001,PetFresh,DRY FOOD,29.99,29.99,0.0,0,4
2025-04-28,101,5002,NutriPaws,DRY FOOD,34.99,33.09,1.9,1,4
2025-04-28,101,5003,PureChow,WET FOOD,12.49,12.49,0.0,0,6
2025-04-28,101,5010,AquaBites,WET FOOD,8.99,8.99,0.0,0,5
2025-04-28,102,5001,PetFresh,DRY FOOD,29.99,29.99,0.0,0,5
2025-04-28,102,5002,NutriPaws,DRY FOOD,34.99,34.99,0.0,0,6
2025-04-28,102,5010,AquaBites,WET FOOD,8.99,8.99,0.0,0,1
2025-04-28,103,5001,PetFresh,DRY FOOD,29.99,29.99,0.0,0,7
2025-04-28,103,5002,NutriPaws,DRY FOOD,34.99,34.99,0.0,0,4
2025-04-28,103,5003,PureChow,WET FOOD,12.49,10.56,1.93,1,4
2025-04-29,101,5001,PetFresh,DRY FOOD,29.99,29.99,0.0,0,4
2025-04-29,101,5002,NutriPaws,DRY FOOD,34.99,34.99,0.0,0,4
2025-04-29,101,5003,PureChow,WET FOOD,12.49,12.49,0.0,0,6
2025-04-29,101,5010,AquaBites,WET FOOD,8.99,8.99,0.0,0,16
2025-04-29,101,5030,TreatKing,TREATS,5.99,5.99,0.0,0,1
2025-04-29,102,5001,PetFresh,DRY FOOD,29.99,29.99,0.0,0,4
2025-04-29,102,5002,NutriPaws,DRY FOOD,34.99,34.99,0.0,0,3
2025-04-29,102,5003,PureChow,WET FOOD,12.49,12.49,0.0,0,6
2025-04-29,102,5010,AquaBites,WET FOOD,8.99,8.99,0.0,0,12
2025-04-29,102,5032,BulkBones,TREATS,3.99,3.99,0.0,0,6
2025-04-29,103,5001,PetFresh,DRY FOOD,29.99,29.99,0.0,0,4
2025-04-29,103,5002,NutriPaws,DRY FOOD,34.99,34.99,0.0,0,5
2025-04-29,103,5003,PureChow,WET FOOD,12.49,12.49,0.0,0,8
2025-04-29,103,5010,AquaBites,WET FOOD,8.99,7.21,1.78,1,6
2025-04-30,101,5001,PetFresh,DRY FOOD,29.99,29.99,0.0,0,5
2025-04-30,101,5002,NutriPaws,DRY FOOD,34.99,34.99,0.0,0,6
2025-04-30,101,5003,PureChow,WET FOOD,12.49,12.49,0.0,0,6
2025-04-30,101,5020,RawNature,RAW FOOD,45.99,45.99,0.0,0,1
2025-04-30,101,5030,TreatKing,TREATS,5.99,5.99,0.0,0,2
2025-04-30,102,5001,PetFresh,DRY FOOD,29.99,29.99,0.0,0,3
2025-04-30,102,5002,NutriPaws,DRY FOOD,34.99,34.99,0.0,0,4
2025-04-30,102,5003,PureChow,WET FOOD,12.49,12.49,0.0,0,4
2025-04-30,102,5010,AquaBites,WET FOOD,8.99,8.99,0.0,0,2
2025-04-30,103,5001,PetFresh,DRY FOOD,29.99,29.99,0.0,0,4
2025-04-30,103,5002,NutriPaws,DRY FOOD,34.99,34.99,0.0,0,5
2025-04-30,103,5003,PureChow,WET FOOD,12.49,12.49,0.0,0,5
2025-04-30,103,5010,AquaBites,WET FOOD,8.99,8.99,0.0,0,4
2025-05-01,101,5001,PetFresh,DRY FOOD,29.99,29.99,0.0,0,2
2025-05-01,101,5010,AquaBites,WET FOOD,8.99,8.99,0.0,0,14
2025-05-01,101,5021,HealthyTails,SUPPLEMENTS,22.99,19.73,3.26,1,2
2025-05-01,102,5001,PetFresh,DRY FOOD,29.99,29.99,0.0,0,2
2025-05-01,102,5002,NutriPaws,DRY FOOD,34.99,34.99,0.0,0,6
2025-05-01,102,5003,PureChow,WET FOOD,12.49,10.65,1.84,1,3
2025-05-01,102,5010,AquaBites,WET FOOD,8.99,8.99,0.0,0,1
2025-05-01,102,5030,TreatKing,TREATS,5.99,5.99,0.0,0,6
2025-05-01,103,5001,PetFresh,DRY FOOD,29.99,29.99,0.0,0,5
2025-05-01,103,5002,NutriPaws,DRY FOOD,34.99,34.99,0.0,0,5
2025-05-01,103,5003,PureChow,WET FOOD,12.49,12.49,0.0,0,5
2025-05-01,103,5010,AquaBites,WET FOOD,8.99,8.99,0.0,0,2
2025-05-02,101,5001,PetFresh,DRY FOOD,29.99,29.99,0.0,0,5
2025-05-02,101,5002,NutriPaws,DRY FOOD,34.99,34.99,0.0,0,7
2025-05-02,101,5010,AquaBites,WET FOOD,8.99,8.29,0.7,1,1
2025-05-02,102,5001,PetFresh,DRY FOOD,29.99,29.99,0.0,0,6
2025-05-02,102,5002,NutriPaws,DRY FOOD,34.99,34.99,0.0,0,6
2025-05-02,102,5003,PureChow,WET FOOD,12.49,12.49,0.0,0,4
2025-05-02,102,5010,AquaBites,WET FOOD,8.99,8.99,0.0,0,9
2025-05-02,102,5032,BulkBones,TREATS,3.99,3.99,0.0,0,1
2025-05-02,103,5001,PetFresh,DRY FOOD,29.99,29.99,0.0,0,3
2025-05-02,103,5002,NutriPaws,DRY FOOD,34.99,34.99,0.0,0,5
2025-05-02,103,5003,PureChow,WET FOOD,12.49,12.49,0.0,0,4
2025-05-02,103,5010,AquaBites,WET FOOD,8.99,8.99,0.0,0,12
2025-05-03,101,5001,PetFresh,DRY FOOD,29.99,29.99,0.0,0,5
2025-05-03,101,5002,NutriPaws,DRY FOOD,34.99,34.99,0.0,0,6
2025-05-03,101,5003,PureChow,WET FOOD,12.49,12.49,0.0,0,5
2025-05-03,101,5010,AquaBites,WET FOOD,8.99,8.99,0.0,0,1
2025-05-03,102,5001,PetFresh,DRY FOOD,29.99,29.99,0.0,0,3
2025-05-03,102,5002,NutriPaws,DRY FOOD,34.99,34.99,0.0,0,4
2025-05-03,102,5003,PureChow,WET FOOD,12.49,12.49,0.0,0,5
2025-05-03,102,5010,AquaBites,WET FOOD,8.99,8.99,0.0,0,4
2025-05-03,103,5001,PetFresh,DRY FOOD,29.99,29.99,0.0,0,3
2025-05-03,103,5002,NutriPaws,DRY FOOD,34.99,34.99,0.0,0,6
2025-05-03,103,5003,PureChow,WET FOOD,12.49,12.49,0.0,0,6
2025-05-03,103,5010,AquaBites,WET FOOD,8.99,8.99,0.0,0,10
2025-05-04,101,5001,PetFresh,DRY FOOD,29.99,29.99,0.0,0,4
2025-05-04,101,5002,NutriPaws,DRY FOOD,34.99,34.99,0.0,0,5
2025-05-04,101,5003,PureChow,WET FOOD,12.49,10.91,1.58,1,3
2025-05-04,101,5010,AquaBites,WET FOOD,8.99,8.99,0.0,0,3
2025-05-04,101,5031,SnackMaster,TREATS,7.49,7.49,0.0,0,2
2025-05-04,102,5001,PetFresh,DRY FOOD,29.99,29.99,0.0,0,5
2025-05-04,102,5002,NutriPaws,DRY FOOD,34.99,34.99,0.0,0,5
2025-05-04,102,5003,PureChow,WET FOOD,12.49,12.49,0.0,0,4
2025-05-04,102,5010,AquaBites,WET FOOD,8.99,8.99,0.0,0,9
2025-05-04,103,5001,PetFresh,DRY FOOD,29.99,29.99,0.0,0,6
2025-05-04,103,5021,HealthyTails,SUPPLEMENTS,22.99,22.99,0.0,0,1
2025-05-05,101,5001,PetFresh,DRY FOOD,29.99,24.69,5.3,1,5
2025-05-05,101,5002,NutriPaws,DRY FOOD,34.99,34.99,0.0,0,3
2025-05-05,101,5003,PureChow,WET FOOD,12.49,11.61,0.88,1,2
2025-05-05,102,5001,PetFresh,DRY FOOD,29.99,29.99,0.0,0,5
2025-05-05,102,5002,NutriPaws,DRY FOOD,34.99,32.51,2.48,1,3
2025-05-05,103,5001,PetFresh,DRY FOOD,29.99,29.99,0.0,0,4
2025-05-05,103,5002,NutriPaws,DRY FOOD,34.99,34.99,0.0,0,6
2025-05-05,103,5003,PureChow,WET FOOD,12.49,12.49,0.0,0,4
2025-05-05,103,5010,AquaBites,WET FOOD,8.99,8.99,0.0,0,11
2025-05-05,103,5020,RawNature,RAW FOOD,45.99,37.05,8.94,1,1
2025-05-06,101,5001,PetFresh,DRY FOOD,29.99,26.08,3.91,1,4
2025-05-06,101,5002,NutriPaws,DRY FOOD,34.99,28.23,6.76,1,5
2025-05-06,101,5003,PureChow,WET FOOD,12.49,12.49,0.0,0,5
2025-05-06,101,5010,AquaBites,WET FOOD,8.99,8.99,0.0,0,4
2025-05-06,101,5033,SpecialDiet,SPECIALTY,54.99,48.95,6.04,1,1
2025-05-06,102,5002,NutriPaws,DRY FOOD,34.99,34.99,0.0,0,5
2025-05-06,102,5003,PureChow,WET FOOD,12.49,12.49,0.0,0,4
2025-05-06,102,5010,AquaBites,WET FOOD,8.99,8.99,0.0,0,8
2025-05-06,103,5002,NutriPaws,DRY FOOD,34.99,34.99,0.0,0,4
2025-05-06,103,5003,PureChow,WET FOOD,12.49,12.49,0.0,0,5
2025-05-06,103,5010,AquaBites,WET FOOD,8.99,8.99,0.0,0,6
2025-05-07,101,5001,PetFresh,DRY FOOD,29.99,25.04,4.95,1,4
2025-05-07,101,5002,NutriPaws,DRY FOOD,34.99,34.99,0.0,0,4
2025-05-07,101,5003,PureChow,WET FOOD,12.49,10.56,1.93,1,5
2025-05-07,101,5010,AquaBites,WET FOOD,8.99,8.99,0.0,0,3
2025-05-07,101,5030,TreatKing,TREATS,5.99,5.99,0.0,0,1
2025-05-07,102,5001,PetFresh,DRY FOOD,29.99,29.99,0.0,0,5
2025-05-07,102,5002,NutriPaws,DRY FOOD,34.99,34.99,0.0,0,4
2025-05-07,102,5003,PureChow,WET FOOD,12.49,12.49,0.0,0,5
2025-05-07,102,5010,AquaBites,WET FOOD,8.99,8.99,0.0,0,1
2025-05-07,102,5032,BulkBones,TREATS,3.99,3.99,0.0,0,5
2025-05-07,103,5001,PetFresh,DRY FOOD,29.99,29.99,0.0,0,5
2025-05-07,103,5002,NutriPaws,DRY FOOD,34.99,33.22,1.77,1,4
2025-05-07,103,5003,PureChow,WET FOOD,12.49,12.49,0.0,0,5
2025-05-08,101,5001,PetFresh,DRY FOOD,29.99,29.99,0.0,0,6
2025-05-08,101,5002,NutriPaws,DRY FOOD,34.99,34.99,0.0,0,3
2025-05-08,101,5003,PureChow,WET FOOD,12.49,12.49,0.0,0,5
2025-05-08,101,5010,AquaBites,WET FOOD,8.99,8.99,0.0,0,1
2025-05-08,102,5001,PetFresh,DRY FOOD,29.99,24.82,5.17,1,5
2025-05-08,102,5002,NutriPaws,DRY FOOD,34.99,34.99,0.0,0,4
2025-05-08,102,5003,PureChow,WET FOOD,12.49,12.49,0.0,0,5
2025-05-08,103,5001,PetFresh,DRY FOOD,29.99,29.99,0.0,0,3
2025-05-08,103,5002,NutriPaws,DRY FOOD,34.99,34.99,0.0,0,2
2025-05-08,103,5003,PureChow,WET FOOD,12.49,12.49,0.0,0,4
2025-05-08,103,5010,AquaBites,WET FOOD,8.99,8.99,0.0,0,6
2025-05-09,101,5001,PetFresh,DRY FOOD,29.99,29.99,0.0,0,7
2025-05-09,101,5002,NutriPaws,DRY FOOD,34.99,34.99,0.0,0,4
2025-05-09,101,5003,PureChow,WET FOOD,12.49,12.49,0.0,0,4
2025-05-09,101,5010,AquaBites,WET FOOD,8.99,8.99,0.0,0,1
2025-05-09,102,5002,NutriPaws,DRY FOOD,34.99,34.99,0.0,0,4
2025-05-09,102,5003,PureChow,WET FOOD,12.49,12.49,0.0,0,5
2025-05-09,102,5010,AquaBites,WET FOOD,8.99,8.99,0.0,0,15
2025-05-09,102,5035,VetFormula,SPECIALTY,62.99,58.02,4.97,1,10
2025-05-09,103,5001,PetFresh,DRY FOOD,29.99,25.82,4.17,1,5
2025-05-09,103,5002,NutriPaws,DRY FOOD,34.99,34.99,0.0,0,5
2025-05-09,103,5003,PureChow,WET FOOD,12.49,12.49,0.0,0,6
2025-05-09,103,5010,AquaBites,WET FOOD,8.99,8.99,0.0,0,1
2025-05-10,101,5001,PetFresh,DRY FOOD,29.99,29.99,0.0,0,5
2025-05-10,101,5002,NutriPaws,DRY FOOD,34.99,34.99,0.0,0,3
2025-05-10,101,5003,PureChow,WET FOOD,12.49,12.49,0.0,0,4
2025-05-10,101,5010,AquaBites,WET FOOD,8.99,8.99,0.0,0,3
2025-05-10,102,5001,PetFresh,DRY FOOD,29.99,29.99,0.0,0,4
2025-05-10,102,5002,NutriPaws,DRY FOOD,34.99,34.99,0.0,0,4
2025-05-10,102,5003,PureChow,WET FOOD,12.49,12.49,0.0,0,6
2025-05-10,102,5010,AquaBites,WET FOOD,8.99,8.99,0.0,0,17
2025-05-10,102,5034,OrganicPet,RAW FOOD,39.99,39.99,0.0,0,12
2025-05-10,103,5001,PetFresh,DRY FOOD,29.99,29.99,0.0,0,5
2025-05-10,103,5002,NutriPaws,DRY FOOD,34.99,34.99,0.0,0,6
2025-05-10,103,5003,PureChow,WET FOOD,12.49,12.49,0.0,0,4
2025-05-10,103,5010,AquaBites,WET FOOD,8.99,8.99,0.0,0,7
2025-05-10,103,5030,TreatKing,TREATS,5.99,5.99,0.0,0,8
2025-05-11,101,5001,PetFresh,DRY FOOD,29.99,29.99,0.0,0,4
2025-05-11,101,5002,NutriPaws,DRY FOOD,34.99,29.19,5.8,1,6
2025-05-11,101,5003,PureChow,WET FOOD,12.49,12.49,0.0,0,6
2025-05-11,102,5001,PetFresh,DRY FOOD,29.99,29.99,0.0,0,4
2025-05-11,102,5002,NutriPaws,DRY FOOD,34.99,29.9,5.09,1,6
2025-05-11,102,5003,PureChow,WET FOOD,12.49,12.49,0.0,0,3
2025-05-11,102,5010,AquaBites,WET FOOD,8.99,8.99,0.0,0,9
2025-05-11,102,5032,BulkBones,TREATS,3.99,3.99,0.0,0,1
2025-05-11,103,5001,PetFresh,DRY FOOD,29.99,29.99,0.0,0,3
2025-05-11,103,5002,NutriPaws,DRY FOOD,34.99,34.99,0.0,0,6
2025-05-11,103,5003,PureChow,WET FOOD,12.49,11.52,0.97,1,5
2025-05-11,103,5010,AquaBites,WET FOOD,8.99,8.99,0.0,0,2
2025-05-12,101,5001,PetFresh,DRY FOOD,29.99,29.99,0.0,0,4
2025-05-12,101,5002,NutriPaws,DRY FOOD,34.99,29.29,5.7,1,4
2025-05-12,101,5003,PureChow,WET FOOD,12.49,12.49,0.0,0,4
2025-05-12,101,5030,TreatKing,TREATS,5.99,5.99,0.0,0,4
2025-05-12,102,5001,PetFresh,DRY FOOD,29.99,29.99,0.0,0,8
2025-05-12,102,5003,PureChow,WET FOOD,12.49,12.49,0.0,0,2
2025-05-12,102,5010,AquaBites,WET FOOD,8.99,8.99,0.0,0,2
2025-05-12,103,5001,PetFresh,DRY FOOD,29.99,29.99,0.0,0,4
2025-05-12,103,5002,NutriPaws,DRY FOOD,34.99,34.99,0.0,0,2
2025-05-12,103,5003,PureChow,WET FOOD,12.49,12.49,0.0,0,4
2025-05-12,103,5021,HealthyTails,SUPPLEMENTS,22.99,22.99,0.0,0,1
2025-05-13,101,5001,PetFresh,DRY FOOD,29.99,29.99,0.0,0,5
2025-05-13,101,5010,AquaBites,WET FOOD,8.99,8.99,0.0,0,7
2025-05-13,102,5001,PetFresh,DRY FOOD,29.99,29.99,0.0,0,4
2025-05-13,102,5010,AquaBites,WET FOOD,8.99,8.99,0.0,0,15
2025-05-13,103,5001,PetFresh,DRY FOOD,29.99,29.99,0.0,0,5
2025-05-13,103,5002,NutriPaws,DRY FOOD,34.99,34.99,0.0,0,4
2025-05-13,103,5003,PureChow,WET FOOD,12.49,12.49,0.0,0,5
2025-05-13,103,5010,AquaBites,WET FOOD,8.99,8.99,0.0,0,7
2025-05-14,101,5001,PetFresh,DRY FOOD,29.99,29.99,0.0,0,6
2025-05-14,101,5002,NutriPaws,DRY FOOD,34.99,34.99,0.0,0,3
2025-05-14,101,5010,AquaBites,WET FOOD,8.99,8.99,0.0,0,1
2025-05-14,102,5001,PetFresh,DRY FOOD,29.99,29.99,0.0,0,3
2025-05-14,102,5002,NutriPaws,DRY FOOD,34.99,34.99,0.0,0,6
2025-05-14,102,5003,PureChow,WET FOOD,12.49,12.49,0.0,0,3
2025-05-14,102,5032,BulkBones,TREATS,3.99,3.99,0.0,0,9
2025-05-14,103,5001,PetFresh,DRY FOOD,29.99,29.99,0.0,0,5
2025-05-14,103,5002,NutriPaws,DRY FOOD,34.99,34.99,0.0,0,4
2025-05-14,103,5003,PureChow,WET FOOD,12.49,12.49,0.0,0,2
2025-05-14,103,5010,AquaBites,WET FOOD,8.99,8.99,0.0,0,7
2025-05-15,101,5001,PetFresh,DRY FOOD,29.99,29.99,0.0,0,4
2025-05-15,101,5002,NutriPaws,DRY FOOD,34.99,34.99,0.0,0,2
2025-05-15,101,5010,AquaBites,WET FOOD,8.99,8.99,0.0,0,12
2025-05-15,101,5032,BulkBones,TREATS,3.99,3.99,0.0,0,2
2025-05-15,102,5001,PetFresh,DRY FOOD,29.99,29.99,0.0,0,4
2025-05-15,102,5002,NutriPaws,DRY FOOD,34.99,34.99,0.0,0,4
2025-05-15,102,5003,PureChow,WET FOOD,12.49,12.49,0.0,0,4
2025-05-15,102,5010,AquaBites,WET FOOD,8.99,8.99,0.0,0,18
2025-05-15,103,5001,PetFresh,DRY FOOD,29.99,29.99,0.0,0,6
2025-05-15,103,5002,NutriPaws,DRY FOOD,34.99,34.99,0.0,0,6
2025-05-15,103,5003,PureChow,WET FOOD,12.49,12.49,0.0,0,6
2025-05-15,103,5010,AquaBites,WET FOOD,8.99,8.06,0.93,1,1
2025-05-16,101,5001,PetFresh,DRY FOOD,29.99,29.99,0.0,0,5
2025-05-16,101,5002,NutriPaws,DRY FOOD,34.99,34.99,0.0,0,5
2025-05-16,101,5003,PureChow,WET FOOD,12.49,12.49,0.0,0,5
2025-05-16,101,5010,AquaBites,WET FOOD,8.99,8.99,0.0,0,4
2025-05-16,101,5031,SnackMaster,TREATS,7.49,7.49,0.0,0,1
2025-05-16,102,5002,NutriPaws,DRY FOOD,34.99,34.99,0.0,0,1
2025-05-16,102,5003,PureChow,WET FOOD,12.49,12.49,0.0,0,4
2025-05-16,102,5010,AquaBites,WET FOOD,8.99,8.99,0.0,0,2
2025-05-16,103,5001,PetFresh,DRY FOOD,29.99,29.99,0.0,0,4
2025-05-16,103,5002,NutriPaws,DRY FOOD,34.99,34.99,0.0,0,5
2025-05-16,103,5003,PureChow,WET FOOD,12.49,12.49,0.0,0,3
2025-05-16,103,5010,AquaBites,WET FOOD,8.99,7.38,1.61,1,7
2025-05-16,103,5021,HealthyTails,SUPPLEMENTS,22.99,22.99,0.0,0,2
2025-05-17,101,5001,PetFresh,DRY FOOD,29.99,29.99,0.0,0,6
2025-05-17,101,5002,NutriPaws,DRY FOOD,34.99,34.99,0.0,0,4
2025-05-17,101,5010,AquaBites,WET FOOD,8.99,8.99,0.0,0,2
2025-05-17,102,5001,PetFresh,DRY FOOD,29.99,24.8,5.19,1,4
2025-05-17,102,5002,NutriPaws,DRY FOOD,34.99,34.99,0.0,0,4
2025-05-17,102,5003,PureChow,WET FOOD,12.49,12.49,0.0,0,6
2025-05-17,102,5010,AquaBites,WET FOOD,8.99,8.99,0.0,0,2
2025-05-17,102,5021,HealthyTails,SUPPLEMENTS,22.99,22.99,0.0,0,1
2025-05-17,103,5001,PetFresh,DRY FOOD,29.99,29.99,0.0,0,2
2025-05-17,103,5002,NutriPaws,DRY FOOD,34.99,34.99,0.0,0,4
2025-05-17,103,5003,PureChow,WET FOOD,12.49,12.49,0.0,0,6
2025-05-17,103,5010,AquaBites,WET FOOD,8.99,8.99,0.0,0,4
2025-05-18,101,5001,PetFresh,DRY FOOD,29.99,24.4,5.59,1,4
2025-05-18,101,5002,NutriPaws,DRY FOOD,34.99,34.99,0.0,0,5
2025-05-18,101,5003,PureChow,WET FOOD,12.49,12.49,0.0,0,4
2025-05-18,101,5010,AquaBites,WET FOOD,8.99,8.99,0.0,0,20
2025-05-18,102,5001,PetFresh,DRY FOOD,29.99,29.99,0.0,0,5
2025-05-18,102,5002,NutriPaws,DRY FOOD,34.99,34.99,0.0,0,6
2025-05-18,102,5003,PureChow,WET FOOD,12.49,12.49,0.0,0,5
2025-05-18,102,5010,AquaBites,WET FOOD,8.99,8.99,0.0,0,10
2025-05-18,103,5001,PetFresh,DRY FOOD,29.99,29.99,0.0,0,4
2025-05-18,103,5002,NutriPaws,DRY FOOD,34.99,34.99,0.0,0,7
2025-05-18,103,5003,PureChow,WET FOOD,12.49,12.49,0.0,0,3
2025-05-18,103,5010,AquaBites,WET FOOD,8.99,8.99,0.0,0,4
2025-05-19,101,5001,PetFresh,DRY FOOD,29.99,29.99,0.0,0,5
2025-05-19,101,5002,NutriPaws,DRY FOOD,34.99,30.22,4.77,1,5
2025-05-19,101,5003,PureChow,WET FOOD,12.49,12.49,0.0,0,5
2025-05-19,101,5021,HealthyTails,SUPPLEMENTS,22.99,22.99,0.0,0,2
2025-05-19,102,5001,PetFresh,DRY FOOD,29.99,29.99,0.0,0,5
2025-05-19,102,5002,NutriPaws,DRY FOOD,34.99,34.99,0.0,0,5
2025-05-19,102,5003,PureChow,WET FOOD,12.49,12.49,0.0,0,2
2025-05-19,102,5031,SnackMaster,TREATS,7.49,7.49,0.0,0,2
2025-05-19,103,5001,PetFresh,DRY FOOD,29.99,29.99,0.0,0,8
2025-05-19,103,5002,NutriPaws,DRY FOOD,34.99,34.99,0.0,0,6
2025-05-19,103,5010,AquaBites,WET FOOD,8.99,8.99,0.0,0,7
2025-05-19,103,5033,SpecialDiet,SPECIALTY,54.99,54.99,0.0,0,4
2025-05-20,101,5002,NutriPaws,DRY FOOD,34.99,34.99,0.0,0,5
2025-05-20,101,5021,HealthyTails,SUPPLEMENTS,22.99,22.99,0.0,0,1
2025-05-20,101,5032,BulkBones,TREATS,3.99,3.99,0.0,0,11
2025-05-20,102,5001,PetFresh,DRY FOOD,29.99,29.99,0.0,0,4
2025-05-20,102,5002,NutriPaws,DRY FOOD,34.99,34.99,0.0,0,4
2025-05-20,102,5003,PureChow,WET FOOD,12.49,12.49,0.0,0,5
2025-05-20,102,5010,AquaBites,WET FOOD,8.99,8.99,0.0,0,1
2025-05-20,103,5001,PetFresh,DRY FOOD,29.99,29.99,0.0,0,6
2025-05-20,103,5002,NutriPaws,DRY FOOD,34.99,34.99,0.0,0,3
2025-05-20,103,5003,PureChow,WET FOOD,12.49,12.49,0.0,0,6
2025-05-20,103,5010,AquaBites,WET FOOD,8.99,8.99,0.0,0,7
2025-05-21,101,5002,NutriPaws,DRY FOOD,34.99,33.13,1.86,1,4
2025-05-21,101,5003,PureChow,WET FOOD,12.49,12.49,0.0,0,5
2025-05-21,101,5010,AquaBites,WET FOOD,8.99,8.99,0.0,0,1
2025-05-21,102,5001,PetFresh,DRY FOOD,29.99,29.99,0.0,0,4
2025-05-21,102,5002,NutriPaws,DRY FOOD,34.99,34.99,0.0,0,4
2025-05-21,102,5003,PureChow,WET FOOD,12.49,12.49,0.0,0,5
2025-05-21,103,5001,PetFresh,DRY FOOD,29.99,29.99,0.0,0,4
2025-05-21,103,5003,PureChow,WET FOOD,12.49,11.1,1.39,1,4
2025-05-21,103,5010,AquaBites,WET FOOD,8.99,8.99,0.0,0,6
2025-05-22,101,5001,PetFresh,DRY FOOD,29.99,29.99,0.0,0,4
2025-05-22,101,5002,NutriPaws,DRY FOOD,34.99,34.99,0.0,0,5
2025-05-22,101,5003,PureChow,WET FOOD,12.49,12.49,0.0,0,5
2025-05-22,101,5034,OrganicPet,RAW FOOD,39.99,39.99,0.0,0,4
2025-05-22,102,5001,PetFresh,DRY FOOD,29.99,29.99,0.0,0,3
2025-05-22,102,5002,NutriPaws,DRY FOOD,34.99,34.99,0.0,0,6
2025-05-22,102,5003,PureChow,WET FOOD,12.49,12.49,0.0,0,3
2025-05-22,102,5010,AquaBites,WET FOOD,8.99,8.99,0.0,0,1
2025-05-22,103,5001,PetFresh,DRY FOOD,29.99,29.99,0.0,0,6
2025-05-22,103,5002,NutriPaws,DRY FOOD,34.99,34.99,0.0,0,4
2025-05-22,103,5003,PureChow,WET FOOD,12.49,12.49,0.0,0,4
2025-05-23,101,5001,PetFresh,DRY FOOD,29.99,25.8,4.19,1,6
2025-05-23,101,5002,NutriPaws,DRY FOOD,34.99,34.99,0.0,0,4
2025-05-23,101,5003,PureChow,WET FOOD,12.49,12.49,0.0,0,3
2025-05-23,101,5010,AquaBites,WET FOOD,8.99,8.99,0.0,0,3
2025-05-23,102,5001,PetFresh,DRY FOOD,29.99,29.99,0.0,0,4
2025-05-23,102,5002,NutriPaws,DRY FOOD,34.99,34.99,0.0,0,4
2025-05-23,102,5003,PureChow,WET FOOD,12.49,12.49,0.0,0,2
2025-05-23,102,5010,AquaBites,WET FOOD,8.99,8.99,0.0,0,2
2025-05-23,102,5031,SnackMaster,TREATS,7.49,6.95,0.54,1,1
2025-05-23,103,5001,PetFresh,DRY FOOD,29.99,29.99,0.0,0,5
2025-05-23,103,5002,NutriPaws,DRY FOOD,34.99,34.99,0.0,0,7
2025-05-23,103,5003,PureChow,WET FOOD,12.49,12.49,0.0,0,4
2025-05-23,103,5010,AquaBites,WET FOOD,8.99,8.99,0.0,0,8
2025-05-24,101,5002,NutriPaws,DRY FOOD,34.99,34.99,0.0,0,5
2025-05-24,101,5003,PureChow,WET FOOD,12.49,12.49,0.0,0,5
2025-05-24,101,5010,AquaBites,WET FOOD,8.99,8.99,0.0,0,7
2025-05-24,102,5001,PetFresh,DRY FOOD,29.99,29.99,0.0,0,4
2025-05-24,102,5002,NutriPaws,DRY FOOD,34.99,32.29,2.7,1,3
2025-05-24,102,5003,PureChow,WET FOOD,12.49,12.49,0.0,0,6
2025-05-24,102,5010,AquaBites,WET FOOD,8.99,8.99,0.0,0,4
2025-05-24,102,5021,HealthyTails,SUPPLEMENTS,22.99,22.99,0.0,0,1
2025-05-24,103,5001,PetFresh,DRY FOOD,29.99,29.99,0.0,0,3
2025-05-24,103,5002,NutriPaws,DRY FOOD,34.99,32.72,2.27,1,6
2025-05-24,103,5003,PureChow,WET FOOD,12.49,12.49,0.0,0,5
2025-05-24,103,5034,OrganicPet,RAW FOOD,39.99,39.99,0.0,0,7
2025-05-25,101,5001,PetFresh,DRY FOOD,29.99,27.86,2.13,1,5
2025-05-25,101,5002,NutriPaws,DRY FOOD,34.99,34.99,0.0,0,6
2025-05-25,101,5003,PureChow,WET FOOD,12.49,12.49,0.0,0,3
2025-05-25,101,5010,AquaBites,WET FOOD,8.99,8.99,0.0,0,2
2025-05-25,101,5020,RawNature,RAW FOOD,45.99,41.64,4.35,1,1
2025-05-25,101,5033,SpecialDiet,SPECIALTY,54.99,54.99,0.0,0,2
2025-05-25,102,5001,PetFresh,DRY FOOD,29.99,29.99,0.0,0,3
2025-05-25,102,5002,NutriPaws,DRY FOOD,34.99,34.99,0.0,0,6
2025-05-25,102,5003,PureChow,WET FOOD,12.49,12.49,0.0,0,7
2025-05-25,102,5010,AquaBites,WET FOOD,8.99,8.99,0.0,0,1
2025-05-25,103,5001,PetFresh,DRY FOOD,29.99,29.99,0.0,0,6
2025-05-25,103,5002,NutriPaws,DRY FOOD,34.99,34.99,0.0,0,4
2025-05-25,103,5003,PureChow,WET FOOD,12.49,12.49,0.0,0,5
2025-05-25,103,5021,HealthyTails,SUPPLEMENTS,22.99,22.99,0.0,0,1
2025-05-26,101,5002,NutriPaws,DRY FOOD,34.99,34.99,0.0,0,5
2025-05-26,101,5003,PureChow,WET FOOD,12.49,12.49,0.0,0,5
2025-05-26,101,5010,AquaBites,WET FOOD,8.99,8.99,0.0,0,9
2025-05-26,102,5001,PetFresh,DRY FOOD,29.99,29.99,0.0,0,3
2025-05-26,102,5002,NutriPaws,DRY FOOD,34.99,34.99,0.0,0,4
2025-05-26,102,5003,PureChow,WET FOOD,12.49,12.49,0.0,0,4
2025-05-26,103,5001,PetFresh,DRY FOOD,29.99,29.99,0.0,0,3
2025-05-26,103,5002,NutriPaws,DRY FOOD,34.99,34.99,0.0,0,6
2025-05-26,103,5003,PureChow,WET FOOD,12.49,12.49,0.0,0,3
2025-05-26,103,5010,AquaBites,WET FOOD,8.99,8.99,0.0,0,17
2025-05-27,101,5001,PetFresh,DRY FOOD,29.99,29.99,0.0,0,5
2025-05-27,101,5002,NutriPaws,DRY FOOD,34.99,34.99,0.0,0,5
2025-05-27,101,5003,PureChow,WET FOOD,12.49,12.49,0.0,0,5
2025-05-27,101,5010,AquaBites,WET FOOD,8.99,8.99,0.0,0,11
2025-05-27,102,5001,PetFresh,DRY FOOD,29.99,27.99,2.0,1,5
2025-05-27,102,5002,NutriPaws,DRY FOOD,34.99,34.99,0.0,0,3
2025-05-27,102,5003,PureChow,WET FOOD,12.49,12.49,0.0,0,3
2025-05-27,102,5010,AquaBites,WET FOOD,8.99,8.99,0.0,0,19
2025-05-27,103,5001,PetFresh,DRY FOOD,29.99,29.99,0.0,0,6
2025-05-27,103,5002,NutriPaws,DRY FOOD,34.99,34.99,0.0,0,4
2025-05-27,103,5003,PureChow,WET FOOD,12.49,10.57,1.92,1,6
2025-05-27,103,5010,AquaBites,WET FOOD,8.99,8.99,0.0,0,7
2025-05-27,103,5021,HealthyTails,SUPPLEMENTS,22.99,22.99,0.0,0,1
2025-05-27,103,5035,VetFormula,SPECIALTY,62.99,62.99,0.0,0,1
2025-05-28,101,5001,PetFresh,DRY FOOD,29.99,29.99,0.0,0,4
2025-05-28,101,5002,NutriPaws,DRY FOOD,34.99,34.99,0.0,0,4
2025-05-28,101,5003,PureChow,WET FOOD,12.49,12.49,0.0,0,6
2025-05-28,101,5031,SnackMaster,TREATS,7.49,7.49,0.0,0,1
2025-05-28,101,5032,BulkBones,TREATS,3.99,3.99,0.0,0,2
2025-05-28,102,5001,PetFresh,DRY FOOD,29.99,26.66,3.33,1,6
2025-05-28,102,5002,NutriPaws,DRY FOOD,34.99,29.0,5.99,1,4
2025-05-28,102,5003,PureChow,WET FOOD,12.49,12.49,0.0,0,3
2025-05-28,103,5001,PetFresh,DRY FOOD,29.99,29.99,0.0,0,4
2025-05-28,103,5002,NutriPaws,DRY FOOD,34.99,34.99,0.0,0,6
2025-05-28,103,5003,PureChow,WET FOOD,12.49,12.49,0.0,0,4
2025-05-28,103,5010,AquaBites,WET FOOD,8.99,8.99,0.0,0,10
2025-05-29,101,5001,PetFresh,DRY FOOD,29.99,29.99,0.0,0,5
2025-05-29,101,5002,NutriPaws,DRY FOOD,34.99,34.99,0.0,0,6
2025-05-29,101,5003,PureChow,WET FOOD,12.49,12.49,0.0,0,1
2025-05-29,101,5010,AquaBites,WET FOOD,8.99,8.99,0.0,0,1
2025-05-29,102,5001,PetFresh,DRY FOOD,29.99,29.99,0.0,0,4
2025-05-29,102,5002,NutriPaws,DRY FOOD,34.99,34.99,0.0,0,4
2025-05-29,102,5003,PureChow,WET FOOD,12.49,10.26,2.23,1,4
2025-05-29,102,5010,AquaBites,WET FOOD,8.99,8.99,0.0,0,12
2025-05-29,103,5001,PetFresh,DRY FOOD,29.99,29.99,0.0,0,4
2025-05-29,103,5002,NutriPaws,DRY FOOD,34.99,34.99,0.0,0,3
2025-05-29,103,5003,PureChow,WET FOOD,12.49,12.49,0.0,0,7
2025-05-29,103,5010,AquaBites,WET FOOD,8.99,8.02,0.97,1,3
2025-05-30,101,5003,PureChow,WET FOOD,12.49,12.49,0.0,0,5
2025-05-30,101,5010,AquaBites,WET FOOD,8.99,8.99,0.0,0,2
2025-05-30,101,5032,BulkBones,TREATS,3.99,3.99,0.0,0,1
2025-05-30,101,5035,VetFormula,SPECIALTY,62.99,62.99,0.0,0,4
2025-05-30,102,5002,NutriPaws,DRY FOOD,34.99,28.68,6.31,1,3
2025-05-30,102,5010,AquaBites,WET FOOD,8.99,8.99,0.0,0,2
2025-05-30,102,5021,HealthyTails,SUPPLEMENTS,22.99,18.83,4.16,1,2
2025-05-30,103,5001,PetFresh,DRY FOOD,29.99,29.99,0.0,0,5
2025-05-30,103,5003,PureChow,WET FOOD,12.49,12.49,0.0,0,5
2025-05-30,103,5010,AquaBites,WET FOOD,8.99,8.99,0.0,0,10
2025-05-31,101,5001,PetFresh,DRY FOOD,29.99,29.99,0.0,0,7
2025-05-31,101,5002,NutriPaws,DRY FOOD,34.99,34.99,0.0,0,5
2025-05-31,101,5003,PureChow,WET FOOD,12.49,10.19,2.3,1,3
2025-05-31,102,5001,PetFresh,DRY FOOD,29.99,29.99,0.0,0,3
2025-05-31,102,5002,NutriPaws,DRY FOOD,34.99,34.99,0.0,0,3
2025-05-31,102,5003,PureChow,WET FOOD,12.49,12.49,0.0,0,4
2025-05-31,102,5010,AquaBites,WET FOOD,8.99,8.99,0.0,0,1
2025-05-31,103,5001,PetFresh,DRY FOOD,29.99,29.99,0.0,0,3
2025-05-31,103,5002,NutriPaws,DRY FOOD,34.99,34.99,0.0,0,3
2025-05-31,103,5010,AquaBites,WET FOOD,8.99,8.99,0.0,0,17
2025-06-01,101,5001,PetFresh,DRY FOOD,29.99,29.99,0.0,0,6
2025-06-01,101,5003,PureChow,WET FOOD,12.49,11.83,0.66,1,6
2025-06-01,102,5001,PetFresh,DRY FOOD,29.99,29.99,0.0,0,6
2025-06-01,102,5002,NutriPaws,DRY FOOD,34.99,34.99,0.0,0,4
2025-06-01,102,5010,AquaBites,WET FOOD,8.99,8.99,0.0,0,10
2025-06-01,103,5001,PetFresh,DRY FOOD,29.99,29.99,0.0,0,4
2025-06-01,103,5010,AquaBites,WET FOOD,8.99,8.99,0.0,0,1
2025-06-01,103,5020,RawNature,RAW FOOD,45.99,45.99,0.0,0,1
2025-06-02,101,5001,PetFresh,DRY FOOD,29.99,29.99,0.0,0,5
2025-06-02,101,5002,NutriPaws,DRY FOOD,34.99,34.99,0.0,0,4
2025-06-02,101,5003,PureChow,WET FOOD,12.49,12.49,0.0,0,6
2025-06-02,101,5010,AquaBites,WET FOOD,8.99,8.99,0.0,0,15
2025-06-02,102,5001,PetFresh,DRY FOOD,29.99,29.99,0.0,0,6
2025-06-02,102,5003,PureChow,WET FOOD,12.49,12.49,0.0,0,6
2025-06-02,102,5010,AquaBites,WET FOOD,8.99,8.99,0.0,0,1
2025-06-02,102,5021,HealthyTails,SUPPLEMENTS,22.99,19.31,3.68,1,2
2025-06-02,103,5001,PetFresh,DRY FOOD,29.99,29.99,0.0,0,5
2025-06-02,103,5002,NutriPaws,DRY FOOD,34.99,34.99,0.0,0,5
2025-06-02,103,5003,PureChow,WET FOOD,12.49,11.6,0.89,1,3
2025-06-02,103,5010,AquaBites,WET FOOD,8.99,8.99,0.0,0,27
2025-06-03,101,5002,NutriPaws,DRY FOOD,34.99,34.99,0.0,0,6
2025-06-03,101,5003,PureChow,WET FOOD,12.49,12.49,0.0,0,6
2025-06-03,101,5010,AquaBites,WET FOOD,8.99,8.99,0.0,0,3
2025-06-03,102,5001,PetFresh,DRY FOOD,29.99,29.99,0.0,0,4
2025-06-03,102,5002,NutriPaws,DRY FOOD,34.99,30.5,4.49,1,5
2025-06-03,102,5003,PureChow,WET FOOD,12.49,12.49,0.0,0,6
2025-06-03,102,5010,AquaBites,WET FOOD,8.99,8.99,0.0,0,9
2025-06-03,102,5030,TreatKing,TREATS,5.99,5.07,0.92,1,1
2025-06-03,103,5001,PetFresh,DRY FOOD,29.99,29.99,0.0,0,6
2025-06-03,103,5002,NutriPaws,DRY FOOD,34.99,34.99,0.0,0,2
2025-06-03,103,5003,PureChow,WET FOOD,12.49,12.49,0.0,0,6
2025-06-04,101,5001,PetFresh,DRY FOOD,29.99,29.99,0.0,0,3
2025-06-04,101,5002,NutriPaws,DRY FOOD,34.99,31.23,3.76,1,5
2025-06-04,101,5003,PureChow,WET FOOD,12.49,12.49,0.0,0,3
2025-06-04,101,5010,AquaBites,WET FOOD,8.99,8.99,0.0,0,14
2025-06-04,102,5001,PetFresh,DRY FOOD,29.99,29.99,0.0,0,7
2025-06-04,102,5002,NutriPaws,DRY FOOD,34.99,34.99,0.0,0,5
2025-06-04,102,5003,PureChow,WET FOOD,12.49,12.49,0.0,0,5
2025-06-04,102,5010,AquaBites,WET FOOD,8.99,8.99,0.0,0,7
2025-06-04,103,5001,PetFresh,DRY FOOD,29.99,29.99,0.0,0,4
2025-06-04,103,5002,NutriPaws,DRY FOOD,34.99,34.99,0.0,0,2
2025-06-04,103,5003,PureChow,WET FOOD,12.49,12.49,0.0,0,4
2025-06-04,103,5010,AquaBites,WET FOOD,8.99,8.99,0.0,0,1
2025-06-04,103,5020,RawNature,RAW FOOD,45.99,45.99,0.0,0,1
2025-06-05,101,5001,PetFresh,DRY FOOD,29.99,29.99,0.0,0,3
2025-06-05,101,5003,PureChow,WET FOOD,12.49,12.49,0.0,0,5
2025-06-05,101,5020,RawNature,RAW FOOD,45.99,43.03,2.96,1,1
2025-06-05,102,5001,PetFresh,DRY FOOD,29.99,29.99,0.0,0,3
2025-06-05,102,5002,NutriPaws,DRY FOOD,34.99,34.99,0.0,0,2
2025-06-05,102,5003,PureChow,WET FOOD,12.49,12.49,0.0,0,5
2025-06-05,102,5010,AquaBites,WET FOOD,8.99,8.53,0.46,1,1
2025-06-06,101,5001,PetFresh,DRY FOOD,29.99,29.99,0.0,0,5
2025-06-06,101,5002,NutriPaws,DRY FOOD,34.99,34.99,0.0,0,5
2025-06-06,101,5003,PureChow,WET FOOD,12.49,12.49,0.0,0,7
2025-06-06,101,5010,AquaBites,WET FOOD,8.99,8.99,0.0,0,1
2025-06-06,102,5001,PetFresh,DRY FOOD,29.99,29.99,0.0,0,2
2025-06-06,102,5002,NutriPaws,DRY FOOD,34.99,34.99,0.0,0,3
2025-06-06,102,5003,PureChow,WET FOOD,12.49,12.49,0.0,0,3
2025-06-06,102,5010,AquaBites,WET FOOD,8.99,8.99,0.0,0,1
2025-06-06,103,5001,PetFresh,DRY FOOD,29.99,29.99,0.0,0,4
2025-06-06,103,5003,PureChow,WET FOOD,12.49,12.49,0.0,0,5
2025-06-07,101,5001,PetFresh,DRY FOOD,29.99,29.99,0.0,0,6
2025-06-07,101,5002,NutriPaws,DRY FOOD,34.99,34.99,0.0,0,6
2025-06-07,101,5003,PureChow,WET FOOD,12.49,12.49,0.0,0,6
2025-06-07,101,5010,AquaBites,WET FOOD,8.99,7.96,1.03,1,17
2025-06-07,102,5001,PetFresh,DRY FOOD,29.99,29.99,0.0,0,5
2025-06-07,102,5002,NutriPaws,DRY FOOD,34.99,34.99,0.0,0,3
2025-06-07,102,5003,PureChow,WET FOOD,12.49,12.49,0.0,0,4
2025-06-07,102,5010,AquaBites,WET FOOD,8.99,8.99,0.0,0,21
2025-06-07,102,5020,RawNature,RAW FOOD,45.99,45.99,0.0,0,1
2025-06-07,103,5001,PetFresh,DRY FOOD,29.99,29.99,0.0,0,5
2025-06-07,103,5002,NutriPaws,DRY FOOD,34.99,34.99,0.0,0,3
2025-06-07,103,5003,PureChow,WET FOOD,12.49,11.52,0.97,1,4
2025-06-08,101,5001,PetFresh,DRY FOOD,29.99,29.99,0.0,0,4
2025-06-08,101,5002,NutriPaws,DRY FOOD,34.99,34.99,0.0,0,4
2025-06-08,101,5003,PureChow,WET FOOD,12.49,12.49,0.0,0,5
2025-06-08,101,5010,AquaBites,WET FOOD,8.99,8.99,0.0,0,1
2025-06-08,101,5021,HealthyTails,SUPPLEMENTS,22.99,22.99,0.0,0,1
2025-06-08,101,5030,TreatKing,TREATS,5.99,5.99,0.0,0,1
2025-06-08,102,5001,PetFresh,DRY FOOD,29.99,29.99,0.0,0,5
2025-06-08,102,5002,NutriPaws,DRY FOOD,34.99,34.99,0.0,0,3
2025-06-08,102,5003,PureChow,WET FOOD,12.49,12.49,0.0,0,4
2025-06-08,102,5010,AquaBites,WET FOOD,8.99,8.99,0.0,0,2
2025-06-08,103,5001,PetFresh,DRY FOOD,29.99,29.99,0.0,0,6
2025-06-08,103,5003,PureChow,WET FOOD,12.49,12.49,0.0,0,6
2025-06-08,103,5010,AquaBites,WET FOOD,8.99,7.3,1.69,1,1
2025-06-09,101,5001,PetFresh,DRY FOOD,29.99,29.99,0.0,0,5
2025-06-09,101,5002,NutriPaws,DRY FOOD,34.99,34.99,0.0,0,4
2025-06-09,101,5003,PureChow,WET FOOD,12.49,12.49,0.0,0,6
2025-06-09,101,5010,AquaBites,WET FOOD,8.99,8.99,0.0,0,8
2025-06-09,101,5034,OrganicPet,RAW FOOD,39.99,39.99,0.0,0,13
2025-06-09,102,5001,PetFresh,DRY FOOD,29.99,29.99,0.0,0,4
2025-06-09,102,5002,NutriPaws,DRY FOOD,34.99,31.69,3.3,1,6
2025-06-09,102,5003,PureChow,WET FOOD,12.49,12.49,0.0,0,5
2025-06-09,102,5010,AquaBites,WET FOOD,8.99,8.99,0.0,0,1
2025-06-09,102,5021,HealthyTails,SUPPLEMENTS,22.99,22.99,0.0,0,1
2025-06-09,103,5001,PetFresh,DRY FOOD,29.99,29.99,0.0,0,7
2025-06-09,103,5002,NutriPaws,DRY FOOD,34.99,34.99,0.0,0,4
2025-06-09,103,5003,PureChow,WET FOOD,12.49,12.49,0.0,0,4
2025-06-10,101,5001,PetFresh,DRY FOOD,29.99,29.99,0.0,0,4
2025-06-10,101,5002,NutriPaws,DRY FOOD,34.99,34.99,0.0,0,6
2025-06-10,101,5003,PureChow,WET FOOD,12.49,12.49,0.0,0,4
2025-06-10,101,5010,AquaBites,WET FOOD,8.99,8.99,0.0,0,5
2025-06-10,102,5001,PetFresh,DRY FOOD,29.99,29.99,0.0,0,5
2025-06-10,102,5002,NutriPaws,DRY FOOD,34.99,34.99,0.0,0,6
2025-06-10,102,5003,PureChow,WET FOOD,12.49,12.49,0.0,0,5
2025-06-10,102,5010,AquaBites,WET FOOD,8.99,8.99,0.0,0,2
2025-06-10,103,5001,PetFresh,DRY FOOD,29.99,29.99,0.0,0,5
2025-06-10,103,5002,NutriPaws,DRY FOOD,34.99,28.88,6.11,1,2
2025-06-10,103,5003,PureChow,WET FOOD,12.49,12.49,0.0,0,4
2025-06-10,103,5010,AquaBites,WET FOOD,8.99,7.54,1.45,1,2
2025-06-11,101,5001,PetFresh,DRY FOOD,29.99,29.99,0.0,0,5
2025-06-11,101,5002,NutriPaws,DRY FOOD,34.99,30.7,4.29,1,3
2025-06-11,101,5003,PureChow,WET FOOD,12.49,11.87,0.62,1,8
2025-06-11,101,5010,AquaBites,WET FOOD,8.99,8.27,0.72,1,1
2025-06-11,102,5001,PetFresh,DRY FOOD,29.99,29.99,0.0,0,2
2025-06-11,102,5002,NutriPaws,DRY FOOD,34.99,34.99,0.0,0,4
2025-06-11,102,5003,PureChow,WET FOOD,12.49,12.49,0.0,0,4
2025-06-11,102,5010,AquaBites,WET FOOD,8.99,8.99,0.0,0,1
2025-06-11,103,5001,PetFresh,DRY FOOD,29.99,26.62,3.37,1,4
2025-06-11,103,5002,NutriPaws,DRY FOOD,34.99,34.99,0.0,0,6
2025-06-11,103,5003,PureChow,WET FOOD,12.49,12.49,0.0,0,5
2025-06-11,103,5010,AquaBites,WET FOOD,8.99,8.99,0.0,0,14
2025-06-11,103,5020,RawNature,RAW FOOD,45.99,45.99,0.0,0,1
2025-06-12,101,5001,PetFresh,DRY FOOD,29.99,25.54,4.45,1,4
2025-06-12,101,5002,NutriPaws,DRY FOOD,34.99,34.99,0.0,0,3
2025-06-12,101,5003,PureChow,WET FOOD,12.49,12.49,0.0,0,4
2025-06-12,101,5010,AquaBites,WET FOOD,8.99,8.99,0.0,0,2
2025-06-12,102,5001,PetFresh,DRY FOOD,29.99,29.99,0.0,0,2
2025-06-12,102,5002,NutriPaws,DRY FOOD,34.99,34.99,0.0,0,6
2025-06-12,102,5003,PureChow,WET FOOD,12.49,10.27,2.22,1,4
2025-06-12,102,5010,AquaBites,WET FOOD,8.99,7.28,1.71,1,1
2025-06-12,103,5001,PetFresh,DRY FOOD,29.99,25.74,4.25,1,5
2025-06-12,103,5002,NutriPaws,DRY FOOD,34.99,34.99,0.0,0,3
2025-06-12,103,5003,PureChow,WET FOOD,12.49,12.49,0.0,0,5
2025-06-13,101,5001,PetFresh,DRY FOOD,29.99,29.99,0.0,0,3
2025-06-13,101,5002,NutriPaws,DRY FOOD,34.99,34.99,0.0,0,5
2025-06-13,101,5003,PureChow,WET FOOD,12.49,12.49,0.0,0,2
2025-06-13,101,5010,AquaBites,WET FOOD,8.99,8.99,0.0,0,1
2025-06-13,102,5001,PetFresh,DRY FOOD,29.99,29.99,0.0,0,2
2025-06-13,102,5002,NutriPaws,DRY FOOD,34.99,34.99,0.0,0,5
2025-06-13,102,5003,PureChow,WET FOOD,12.49,11.06,1.43,1,4
2025-06-13,102,5010,AquaBites,WET FOOD,8.99,7.49,1.5,1,1
2025-06-13,103,5001,PetFresh,DRY FOOD,29.99,29.99,0.0,0,4
2025-06-13,103,5002,NutriPaws,DRY FOOD,34.99,30.22,4.77,1,7
2025-06-13,103,5003,PureChow,WET FOOD,12.49,12.49,0.0,0,2
2025-06-13,103,5010,AquaBites,WET FOOD,8.99,7.6,1.39,1,3
2025-06-13,103,5032,BulkBones,TREATS,3.99,3.99,0.0,0,2
2025-06-14,101,5001,PetFresh,DRY FOOD,29.99,29.99,0.0,0,4
2025-06-14,101,5002,NutriPaws,DRY FOOD,34.99,34.99,0.0,0,2
2025-06-14,101,5003,PureChow,WET FOOD,12.49,12.49,0.0,0,7
2025-06-14,101,5010,AquaBites,WET FOOD,8.99,8.99,0.0,0,1
2025-06-14,101,5035,VetFormula,SPECIALTY,62.99,62.99,0.0,0,1
2025-06-14,102,5001,PetFresh,DRY FOOD,29.99,29.99,0.0,0,4
2025-06-14,102,5002,NutriPaws,DRY FOOD,34.99,32.95,2.04,1,6
2025-06-14,102,5003,PureChow,WET FOOD,12.49,12.49,0.0,0,2
2025-06-14,102,5010,AquaBites,WET FOOD,8.99,8.99,0.0,0,13
2025-06-14,103,5001,PetFresh,DRY FOOD,29.99,29.99,0.0,0,7
2025-06-14,103,5002,NutriPaws,DRY FOOD,34.99,34.99,0.0,0,2
2025-06-14,103,5003,PureChow,WET FOOD,12.49,12.49,0.0,0,5
2025-06-14,103,5010,AquaBites,WET FOOD,8.99,8.99,0.0,0,14
2025-06-14,103,5030,TreatKing,TREATS,5.99,5.99,0.0,0,6
2025-06-14,103,5034,OrganicPet,RAW FOOD,39.99,39.99,0.0,0,2
2025-06-15,101,5001,PetFresh,DRY FOOD,29.99,29.99,0.0,0,6
2025-06-15,101,5002,NutriPaws,DRY FOOD,34.99,34.99,0.0,0,5
2025-06-15,101,5003,PureChow,WET FOOD,12.49,12.49,0.0,0,5
2025-06-15,101,5010,AquaBites,WET FOOD,8.99,8.99,0.0,0,2
2025-06-15,102,5001,PetFresh,DRY FOOD,29.99,29.99,0.0,0,4
2025-06-15,102,5002,NutriPaws,DRY FOOD,34.99,34.99,0.0,0,4
2025-06-15,102,5003,PureChow,WET FOOD,12.49,12.49,0.0,0,5
2025-06-15,102,5010,AquaBites,WET FOOD,8.99,8.99,0.0,0,9
2025-06-15,103,5001,PetFresh,DRY FOOD,29.99,27.24,2.75,1,5
2025-06-15,103,5002,NutriPaws,DRY FOOD,34.99,34.99,0.0,0,5
2025-06-15,103,5003,PureChow,WET FOOD,12.49,12.49,0.0,0,4
2025-06-15,103,5021,HealthyTails,SUPPLEMENTS,22.99,22.99,0.0,0,1
2025-06-15,103,5033,SpecialDiet,SPECIALTY,54.99,54.99,0.0,0,7
2025-06-16,101,5001,PetFresh,DRY FOOD,29.99,29.99,0.0,0,5
2025-06-16,101,5002,NutriPaws,DRY FOOD,34.99,29.43,5.56,1,4
2025-06-16,101,5003,PureChow,WET FOOD,12.49,12.49,0.0,0,6
2025-06-16,101,5010,AquaBites,WET FOOD,8.99,8.99,0.0,0,10
2025-06-16,102,5001,PetFresh,DRY FOOD,29.99,29.99,0.0,0,3
2025-06-16,102,5002,NutriPaws,DRY FOOD,34.99,34.99,0.0,0,5
2025-06-16,102,5003,PureChow,WET FOOD,12.49,12.49,0.0,0,4
2025-06-16,102,5010,AquaBites,WET FOOD,8.99,8.99,0.0,0,44
2025-06-16,102,5030,TreatKing,TREATS,5.99,5.99,0.0,0,1
2025-06-16,102,5034,OrganicPet,RAW FOOD,39.99,39.99,0.0,0,1
2025-06-16,103,5001,PetFresh,DRY FOOD,29.99,28.32,1.67,1,4
2025-06-16,103,5002,NutriPaws,DRY FOOD,34.99,34.99,0.0,0,5
2025-06-16,103,5003,PureChow,WET FOOD,12.49,10.18,2.31,1,3
2025-06-16,103,5010,AquaBites,WET FOOD,8.99,8.99,0.0,0,20
2025-06-17,101,5001,PetFresh,DRY FOOD,29.99,29.99,0.0,0,5
2025-06-17,101,5002,NutriPaws,DRY FOOD,34.99,34.99,0.0,0,3
2025-06-17,101,5003,PureChow,WET FOOD,12.49,12.49,0.0,0,4
2025-06-17,101,5030,TreatKing,TREATS,5.99,5.99,0.0,0,9
2025-06-17,101,5032,BulkBones,TREATS,3.99,3.49,0.5,1,1
2025-06-17,102,5001,PetFresh,DRY FOOD,29.99,26.57,3.42,1,5
2025-06-17,102,5002,NutriPaws,DRY FOOD,34.99,30.05,4.94,1,3
2025-06-17,102,5003,PureChow,WET FOOD,12.49,12.49,0.0,0,7
2025-06-17,102,5021,HealthyTails,SUPPLEMENTS,22.99,18.63,4.36,1,1
2025-06-17,102,5031,SnackMaster,TREATS,7.49,7.49,0.0,0,4
2025-06-17,103,5001,PetFresh,DRY FOOD,29.99,29.99,0.0,0,4
2025-06-17,103,5002,NutriPaws,DRY FOOD,34.99,34.99,0.0,0,6
2025-06-17,103,5010,AquaBites,WET FOOD,8.99,8.99,0.0,0,1
2025-06-18,101,5001,PetFresh,DRY FOOD,29.99,29.99,0.0,0,5
2025-06-18,101,5002,NutriPaws,DRY FOOD,34.99,34.99,0.0,0,4
2025-06-18,101,5003,PureChow,WET FOOD,12.49,12.49,0.0,0,5
2025-06-18,101,5010,AquaBites,WET FOOD,8.99,8.99,0.0,0,9
2025-06-18,102,5001,PetFresh,DRY FOOD,29.99,29.99,0.0,0,6
2025-06-18,102,5002,NutriPaws,DRY FOOD,34.99,34.99,0.0,0,4
2025-06-18,102,5003,PureChow,WET FOOD,12.49,12.49,0.0,0,5
2025-06-18,102,5010,AquaBites,WET FOOD,8.99,8.99,0.0,0,3
2025-06-18,103,5001,PetFresh,DRY FOOD,29.99,29.99,0.0,0,4
2025-06-18,103,5002,NutriPaws,DRY FOOD,34.99,34.99,0.0,0,5
2025-06-18,103,5003,PureChow,WET FOOD,12.49,12.49,0.0,0,4
2025-06-18,103,5030,TreatKing,TREATS,5.99,5.99,0.0,0,2
2025-06-19,101,5001,PetFresh,DRY FOOD,29.99,29.99,0.0,0,3
2025-06-19,101,5002,NutriPaws,DRY FOOD,34.99,34.99,0.0,0,5
2025-06-19,101,5003,PureChow,WET FOOD,12.49,12.49,0.0,0,3
2025-06-19,101,5010,AquaBites,WET FOOD,8.99,8.99,0.0,0,8
2025-06-19,102,5001,PetFresh,DRY FOOD,29.99,29.99,0.0,0,4
2025-06-19,102,5003,PureChow,WET FOOD,12.49,12.49,0.0,0,6
2025-06-19,102,5010,AquaBites,WET FOOD,8.99,8.99,0.0,0,3
2025-06-19,103,5001,PetFresh,DRY FOOD,29.99,29.99,0.0,0,4
2025-06-19,103,5002,NutriPaws,DRY FOOD,34.99,34.99,0.0,0,4
2025-06-19,103,5003,PureChow,WET FOOD,12.49,12.49,0.0,0,5
2025-06-19,103,5010,AquaBites,WET FOOD,8.99,8.99,0.0,0,30
2025-06-20,101,5001,PetFresh,DRY FOOD,29.99,29.99,0.0,0,4
2025-06-20,101,5002,NutriPaws,DRY FOOD,34.99,34.99,0.0,0,7
2025-06-20,101,5003,PureChow,WET FOOD,12.49,12.49,0.0,0,5
2025-06-20,101,5010,AquaBites,WET FOOD,8.99,8.99,0.0,0,1
2025-06-20,101,5031,SnackMaster,TREATS,7.49,6.89,0.6,1,8
2025-06-20,102,5001,PetFresh,DRY FOOD,29.99,29.99,0.0,0,5
2025-06-20,102,5002,NutriPaws,DRY FOOD,34.99,34.99,0.0,0,4
2025-06-20,102,5003,PureChow,WET FOOD,12.49,12.49,0.0,0,2
2025-06-20,103,5001,PetFresh,DRY FOOD,29.99,29.99,0.0,0,4
2025-06-20,103,5002,NutriPaws,DRY FOOD,34.99,34.99,0.0,0,6
2025-06-20,103,5003,PureChow,WET FOOD,12.49,12.49,0.0,0,6
2025-06-20,103,5010,AquaBites,WET FOOD,8.99,8.99,0.0,0,2
2025-06-20,103,5030,TreatKing,TREATS,5.99,5.57,0.42,1,5
2025-06-21,101,5001,PetFresh,DRY FOOD,29.99,29.99,0.0,0,4
2025-06-21,101,5002,NutriPaws,DRY FOOD,34.99,34.99,0.0,0,5
2025-06-21,101,5003,PureChow,WET FOOD,12.49,12.49,0.0,0,7
2025-06-21,101,5010,AquaBites,WET FOOD,8.99,8.99,0.0,0,1
2025-06-21,102,5001,PetFresh,DRY FOOD,29.99,29.99,0.0,0,5
2025-06-21,102,5002,NutriPaws,DRY FOOD,34.99,34.99,0.0,0,5
2025-06-21,102,5003,PureChow,WET FOOD,12.49,12.49,0.0,0,4
2025-06-21,102,5010,AquaBites,WET FOOD,8.99,8.99,0.0,0,1
2025-06-21,103,5001,PetFresh,DRY FOOD,29.99,29.99,0.0,0,5
2025-06-21,103,5002,NutriPaws,DRY FOOD,34.99,34.99,0.0,0,5
2025-06-21,103,5003,PureChow,WET FOOD,12.49,12.49,0.0,0,3
2025-06-21,103,5010,AquaBites,WET FOOD,8.99,8.99,0.0,0,2
2025-06-22,101,5001,PetFresh,DRY FOOD,29.99,29.99,0.0,0,5
2025-06-22,101,5002,NutriPaws,DRY FOOD,34.99,34.99,0.0,0,4
2025-06-22,101,5003,PureChow,WET FOOD,12.49,12.49,0.0,0,3
2025-06-22,101,5010,AquaBites,WET FOOD,8.99,8.99,0.0,0,6
2025-06-22,101,5031,SnackMaster,TREATS,7.49,7.49,0.0,0,6
2025-06-22,102,5001,PetFresh,DRY FOOD,29.99,29.99,0.0,0,5
2025-06-22,102,5002,NutriPaws,DRY FOOD,34.99,34.99,0.0,0,4
2025-06-22,102,5003,PureChow,WET FOOD,12.49,12.49,0.0,0,5
2025-06-22,102,5010,AquaBites,WET FOOD,8.99,8.99,0.0,0,10
2025-06-22,102,5032,BulkBones,TREATS,3.99,3.99,0.0,0,1
2025-06-22,103,5001,PetFresh,DRY FOOD,29.99,29.99,0.0,0,4
2025-06-22,103,5002,NutriPaws,DRY FOOD,34.99,34.99,0.0,0,5
2025-06-22,103,5003,PureChow,WET FOOD,12.49,12.49,0.0,0,5
2025-06-22,103,5010,AquaBites,WET FOOD,8.99,8.44,0.55,1,2
2025-06-22,103,5031,SnackMaster,TREATS,7.49,7.49,0.0,0,8
2025-06-23,101,5001,PetFresh,DRY FOOD,29.99,29.99,0.0,0,3
2025-06-23,101,5002,NutriPaws,DRY FOOD,34.99,34.99,0.0,0,4
2025-06-23,101,5003,PureChow,WET FOOD,12.49,12.49,0.0,0,4
2025-06-23,101,5010,AquaBites,WET FOOD,8.99,8.99,0.0,0,4
2025-06-23,101,5035,VetFormula,SPECIALTY,62.99,62.99,0.0,0,3
2025-06-23,102,5001,PetFresh,DRY FOOD,29.99,29.99,0.0,0,4
2025-06-23,102,5003,PureChow,WET FOOD,12.49,12.49,0.0,0,4
2025-06-23,102,5010,AquaBites,WET FOOD,8.99,8.99,0.0,0,5
2025-06-23,103,5001,PetFresh,DRY FOOD,29.99,29.99,0.0,0,3
2025-06-23,103,5002,NutriPaws,DRY FOOD,34.99,34.99,0.0,0,4
2025-06-23,103,5003,PureChow,WET FOOD,12.49,12.49,0.0,0,4
2025-06-23,103,5010,AquaBites,WET FOOD,8.99,8.99,0.0,0,2
2025-06-23,103,5021,HealthyTails,SUPPLEMENTS,22.99,22.99,0.0,0,1
2025-06-24,101,5001,PetFresh,DRY FOOD,29.99,29.99,0.0,0,6
2025-06-24,101,5003,PureChow,WET FOOD,12.49,12.49,0.0,0,6
2025-06-24,101,5010,AquaBites,WET FOOD,8.99,8.99,0.0,0,1
2025-06-24,101,5031,SnackMaster,TREATS,7.49,7.49,0.0,0,2
2025-06-24,102,5001,PetFresh,DRY FOOD,29.99,29.99,0.0,0,6
2025-06-24,102,5002,NutriPaws,DRY FOOD,34.99,34.99,0.0,0,4
2025-06-24,102,5003,PureChow,WET FOOD,12.49,12.49,0.0,0,7
2025-06-24,102,5010,AquaBites,WET FOOD,8.99,8.99,0.0,0,7
2025-06-24,103,5002,NutriPaws,DRY FOOD,34.99,34.99,0.0,0,5
2025-06-24,103,5003,PureChow,WET FOOD,12.49,11.09,1.4,1,4
2025-06-24,103,5010,AquaBites,WET FOOD,8.99,8.99,0.0,0,1
2025-06-25,101,5001,PetFresh,DRY FOOD,29.99,29.99,0.0,0,4
2025-06-25,101,5003,PureChow,WET FOOD,12.49,12.49,0.0,0,4
2025-06-25,102,5001,PetFresh,DRY FOOD,29.99,29.99,0.0,0,4
2025-06-25,102,5002,NutriPaws,DRY FOOD,34.99,34.99,0.0,0,4
2025-06-25,102,5003,PureChow,WET FOOD,12.49,12.49,0.0,0,5
2025-06-25,102,5010,AquaBites,WET FOOD,8.99,8.99,0.0,0,2
2025-06-25,103,5001,PetFresh,DRY FOOD,29.99,29.99,0.0,0,3
2025-06-25,103,5002,NutriPaws,DRY FOOD,34.99,30.55,4.44,1,3
2025-06-25,103,5003,PureChow,WET FOOD,12.49,12.49,0.0,0,7
2025-06-25,103,5010,AquaBites,WET FOOD,8.99,7.79,1.2,1,4
2025-06-26,101,5003,PureChow,WET FOOD,12.49,12.49,0.0,0,4
2025-06-26,101,5010,AquaBites,WET FOOD,8.99,8.99,0.0,0,10
2025-06-26,101,5031,SnackMaster,TREATS,7.49,7.49,0.0,0,2
2025-06-26,102,5003,PureChow,WET FOOD,12.49,12.49,0.0,0,2
2025-06-26,102,5010,AquaBites,WET FOOD,8.99,8.99,0.0,0,1
2025-06-26,102,5021,HealthyTails,SUPPLEMENTS,22.99,22.99,0.0,0,1
2025-06-26,102,5033,SpecialDiet,SPECIALTY,54.99,54.99,0.0,0,1
2025-06-26,103,5002,NutriPaws,DRY FOOD,34.99,34.99,0.0,0,4
2025-06-26,103,5003,PureChow,WET FOOD,12.49,12.49,0.0,0,5
2025-06-26,103,5010,AquaBites,WET FOOD,8.99,8.99,0.0,0,6
2025-06-27,101,5001,PetFresh,DRY FOOD,29.99,24.74,5.25,1,6
2025-06-27,101,5002,NutriPaws,DRY FOOD,34.99,34.99,0.0,0,7
2025-06-27,101,5003,PureChow,WET FOOD,12.49,12.49,0.0,0,4
2025-06-27,102,5001,PetFresh,DRY FOOD,29.99,29.99,0.0,0,7
2025-06-27,102,5002,NutriPaws,DRY FOOD,34.99,34.99,0.0,0,4
2025-06-27,102,5003,PureChow,WET FOOD,12.49,12.49,0.0,0,3
2025-06-27,102,5010,AquaBites,WET FOOD,8.99,8.99,0.0,0,1
2025-06-27,102,5021,HealthyTails,SUPPLEMENTS,22.99,22.99,0.0,0,1
2025-06-27,103,5001,PetFresh,DRY FOOD,29.99,24.31,5.68,1,2
2025-06-27,103,5002,NutriPaws,DRY FOOD,34.99,34.99,0.0,0,5
2025-06-27,103,5003,PureChow,WET FOOD,12.49,12.49,0.0,0,5
2025-06-27,103,5010,AquaBites,WET FOOD,8.99,7.68,1.31,1,1
2025-06-28,101,5001,PetFresh,DRY FOOD,29.99,29.99,0.0,0,5
2025-06-28,101,5002,NutriPaws,DRY FOOD,34.99,34.99,0.0,0,4
2025-06-28,101,5003,PureChow,WET FOOD,12.49,12.49,0.0,0,5
2025-06-28,101,5010,AquaBites,WET FOOD,8.99,8.99,0.0,0,1
2025-06-28,102,5001,PetFresh,DRY FOOD,29.99,29.99,0.0,0,6
2025-06-28,102,5002,NutriPaws,DRY FOOD,34.99,34.99,0.0,0,7
2025-06-28,102,5010,AquaBites,WET FOOD,8.99,8.99,0.0,0,6
2025-06-28,103,5001,PetFresh,DRY FOOD,29.99,29.99,0.0,0,4
2025-06-28,103,5002,NutriPaws,DRY FOOD,34.99,34.99,0.0,0,7
2025-06-28,103,5003,PureChow,WET FOOD,12.49,12.49,0.0,0,4
2025-06-29,101,5001,PetFresh,DRY FOOD,29.99,29.99,0.0,0,6
2025-06-29,101,5002,NutriPaws,DRY FOOD,34.99,34.99,0.0,0,3
2025-06-29,101,5003,PureChow,WET FOOD,12.49,12.49,0.0,0,4
2025-06-29,101,5010,AquaBites,WET FOOD,8.99,8.99,0.0,0,8
2025-06-29,101,5033,SpecialDiet,SPECIALTY,54.99,54.99,0.0,0,13
2025-06-29,102,5001,PetFresh,DRY FOOD,29.99,29.99,0.0,0,4
2025-06-29,102,5002,NutriPaws,DRY FOOD,34.99,34.99,0.0,0,5
2025-06-29,102,5003,PureChow,WET FOOD,12.49,12.49,0.0,0,4
2025-06-29,102,5010,AquaBites,WET FOOD,8.99,8.99,0.0,0,20
2025-06-29,103,5001,PetFresh,DRY FOOD,29.99,29.99,0.0,0,6
2025-06-29,103,5002,NutriPaws,DRY FOOD,34.99,34.99,0.0,0,5
2025-06-29,103,5003,PureChow,WET FOOD,12.49,12.49,0.0,0,5
2025-06-29,103,5010,AquaBites,WET FOOD,8.99,8.99,0.0,0,8
2025-06-29,103,5030,TreatKing,TREATS,5.99,5.2,0.79,1,1
2025-06-30,101,5001,PetFresh,DRY FOOD,29.99,29.99,0.0,0,6
2025-06-30,101,5003,PureChow,WET FOOD,12.49,12.49,0.0,0,4
2025-06-30,101,5010,AquaBites,WET FOOD,8.99,8.99,0.0,0,7
2025-06-30,101,5033,SpecialDiet,SPECIALTY,54.99,54.99,0.0,0,10
2025-06-30,102,5001,PetFresh,DRY FOOD,29.99,29.99,0.0,0,6
2025-06-30,102,5002,NutriPaws,DRY FOOD,34.99,34.99,0.0,0,5
2025-06-30,102,5003,PureChow,WET FOOD,12.49,11.15,1.34,1,5
2025-06-30,102,5010,AquaBites,WET FOOD,8.99,8.99,0.0,0,1
2025-06-30,103,5001,PetFresh,DRY FOOD,29.99,29.99,0.0,0,5
2025-06-30,103,5002,NutriPaws,DRY FOOD,34.99,34.99,0.0,0,4
2025-06-30,103,5003,PureChow,WET FOOD,12.49,12.49,0.0,0,3
2025-06-30,103,5010,AquaBites,WET FOOD,8.99,7.66,1.33,1,7
